video_id,time_start,obs_duration,island,site,pct_coral,species,max_n,observer,notes
BIOT_7097_SALO_049_MAP_RIG3_L_1,10:00,26:34,Ile de la Passe to Ile Mapou,49,35,Melichthys niger,8,Hannah Rempel,
BIOT_7097_SALO_049_MAP_RIG3_L_1,10:00,26:34,Ile de la Passe to Ile Mapou,49,35,Aethaleoperca rogaa,2,Hannah Rempel,
BIOT_7097_SALO_049_MAP_RIG3_L_1,10:00,26:34,Ile de la Passe to Ile Mapou,49,35,Carcharhinus amblyrhynchos,1,Hannah Rempel,
BIOT_7097_SALO_049_MAP_RIG3_L_1,10:00,26:34,Ile de la Passe to Ile Mapou,49,35,Cephalopholis argus,1,Hannah Rempel,
BIOT_7097_SALO_049_MAP_RIG3_L_1,10:00,26:34,Ile de la Passe to Ile Mapou,49,35,Epinephelus polyphekadion,1,Hannah Rempel,
BIOT_7097_SALO_049_MAP_RIG3_L_1,10:00,26:34,Ile de la Passe to Ile Mapou,49,35,Plectropomus laevis,1,Hannah Rempel,
BIOT_7097_SALO_049_MAP_RIG3_L_1,10:00,26:34,Ile de la Passe to Ile Mapou,49,35,Triaenodon obesus,1,Hannah Rempel,
BIOT_7097_SALO_049_MAP_RIG3_L_1,10:00,26:34,Ile de la Passe to Ile Mapou,49,35,Caranx melampygus,1,Hannah Rempel,
BIOT_7097_SALO_049_MAP_RIG3_L_2,0:00,26:34,Ile de la Passe to Ile Mapou,49,35,Carcharhinus melanopterus,1,Hannah Rempel,
BIOT_7097_SALO_049_MAP_RIG3_L_2,0:00,26:34,Ile de la Passe to Ile Mapou,49,35,Aprion virescens,1,Hannah Rempel,
BIOT_7097_SALO_049_MAP_RIG3_L_2,0:00,26:34,Ile de la Passe to Ile Mapou,49,35,Balistoides viridescens,1,Hannah Rempel,
BIOT_7097_SALO_049_MAP_RIG3_L_2,0:00,26:34,Ile de la Passe to Ile Mapou,49,35,Nebrius ferrugineus,1,Hannah Rempel,Tawny nurse shark stole the bait
BIOT_7097_NBRO_061_RIG2_L_1,10:00,30:00,North Brother,61,25,Melichthys niger,3,Hannah Rempel,
BIOT_7097_NBRO_061_RIG2_L_1,10:00,30:00,North Brother,61,25,Lethrinus microdon,7,Hannah Rempel,
BIOT_7097_NBRO_061_RIG2_L_1,10:00,30:00,North Brother,61,25,Lutjanus bohar,3,Hannah Rempel,
BIOT_7097_NBRO_061_RIG2_L_2,10:00,30:00,North Brother,61,25,Plectropomus laevis,1,Hannah Rempel,
BIOT_7097_NBRO_061_RIG2_L_3,10:00,30:00,North Brother,61,25,Aethaloperca rogaa,1,Hannah Rempel,
BIOT_7097_NBRO_061_RIG2_L_3,10:00,30:00,North Brother,61,25,Balistapus undulatus,1,Hannah Rempel,
BIOT_7097_EGMT_084_RIG5_L1,10:00,30:00,Ile Des Rats,84,10,Lutjanus bohar,18,Hannah Rempel,
BIOT_7097_EGMT_084_RIG5_L1,10:00,30:00,Ile Des Rats,84,10,Variola louti,1,Hannah Rempel,
BIOT_7097_EGMT_084_RIG5_L1,10:00,30:00,Ile Des Rats,84,10,Carcharhinus amblyrhynchos,2,Hannah Rempel,
BIOT_7097_EGMT_084_RIG5_L1,10:00,30:00,Ile Des Rats,84,10,Lethrinus microdon,1,Hannah Rempel,
BIOT_7097_EGMT_084_RIG5_L1,10:00,30:00,Ile Des Rats,84,10,Plectropomus laevis,1,Hannah Rempel,
BIOT_7097_EGMT_084_RIG5_L_2,0:00,30:00,Ile Des Rats,84,10,Triaenodon obesus,1,Hannah Rempel,
BIOT_7097_EGMT_084_RIG5_L_2,0:00,30:00,Ile Des Rats,84,10,Caranx melampygus,1,Hannah Rempel,
BIOT_7097_EGMT_084_RIG5_L_2,0:00,30:00,Ile Des Rats,84,10,Variola louti,1,Hannah Rempel,
BIOT_7097_EGMT_084_RIG5_L_2,0:00,30:00,Ile Des Rats,84,10,Cephalopholis argus,1,Hannah Rempel,
BIOT_7097_EGMT_084_RIG5_L_2,0:00,30:00,Ile Des Rats,84,10,Balistapus undulatus,1,Hannah Rempel,
BIOT_7097_EAGL_071_RIG2_L_1,0:00,30:00,Ile Des Rats,84,10,Lutjanus gibbus,1,Hannah Rempel,
BIOT_7097_EGMT_084_RIG5_L_2,0:00,30:00,Ile Des Rats,84,10,Plectropomus laevis,1,Hannah Rempel,
BIOT_7097_EGMT_084_RIG5_L_2,0:00,30:00,Ile Des Rats,84,10,Lethrinus enigmaticus,1,Hannah Rempel,
BIOT_7097_EAGL_071_RIG2,10:00,20:32,Eagle Island,71,5,Lutjanus bohar,7,Hannah Rempel,
BIOT_7097_EAGL_071_RIG2,10:00,20:32,Eagle Island,71,5,Melichthys niger,5,Hannah Rempel,
BIOT_7097_EAGL_071_RIG2,10:00,20:32,Eagle Island,71,5,Carcharhinus amblyrhynchos,3,Hannah Rempel,
BIOT_7097_EAGL_071_RIG2,10:00,20:32,Eagle Island,71,5,Aethaleoperca rogaa,1,Hannah Rempel,
BIOT_7097_EAGL_071_RIG2,10:00,20:32,Eagle Island,71,5,Triaenodon obesus,1,Hannah Rempel,
BIOT_7097_EAGL_071_RIG2,10:00,20:32,Eagle Island,71,5,Plectropomus laevis,2,Hannah Rempel,
BIOT_7097_EAGL_071_RIG2,10:00,20:32,Eagle Island,71,5,Caranx melampygus,2,Hannah Rempel,
BIOT_7097_EAGL_071_RIG2,10:00,20:32,Eagle Island,71,5,Balistapus undulatus,1,Hannah Rempel,
BIOT_7097_EAGL_071_RIG2,10:00,20:32,Eagle Island,71,5,Nebrius ferrugineus,2,Hannah Rempel,
BIOT_7097_EAGL_071_RIG2,10:00,20:32,Eagle Island,71,5,Variola louti,1,Hannah Rempel,
BIOT_7097_EAGL_071_RIG2,10:00,20:32,Eagle Island,71,5,Carcharhinus melanopterus,1,Hannah Rempel,Two Tawny nurse sharks stole the bait
BIOT_7097_SALO_044_ANG_RIG5_L_3,0:00,30:00,Ile Anglaise,44,95,Carcharhinus amblyrhynchos,2,Isabel Grudowski,
BIOT_7097_SALO_044_ANG_RIG5_L_3,0:00,30:00,Ile Anglaise,44,95,Aethaloperca rogaa,3,Isabel Grudowski,
BIOT_7097_SALO_044_ANG_RIG5_L_3,0:00,30:00,Ile Anglaise,44,95,Cephalopholis argus,2,Isabel Grudowski,
BIOT_7097_SALO_044_ANG_RIG5_L_3,0:00,30:00,Ile Anglaise,44,95,Lutjanus gibbus,1,Isabel Grudowski,
BIOT_7097_SALO_044_ANG_RIG5_L_3,0:00,30:00,Ile Anglaise,44,95,Lutjanus bohar,3,Isabel Grudowski,
BIOT_7097_SALO_044_ANG_RIG5_L_3,0:00,30:00,Ile Anglaise,44,95,Caranx melampygus,6,Isabel Grudowski,
BIOT_7097_SALO_044_ANG_RIG5_L_3,0:00,30:00,Ile Anglaise,44,95,Balistoides viridescens,2,Isabel Grudowski,
BIOT_7097_SALO_044_ANG_RIG5_L_3,0:00,30:00,Ile Anglaise,44,95,Variola louti,1,Isabel Grudowski,
BIOT_7097_SALO_044_ANG_RIG5_L_4,0:00,30:00,Ile Anglaise,44,95,Melichthys niger,3,Isabel Grudowski,
BIOT_7097_SALO_044_ANG_RIG5_L_4,0:00,30:00,Ile Anglaise,44,95,Aulostomus chinensis,1,Isabel Grudowski,
BIOT_7097_SALO_040_BOD_RIG2_L_2,0:00,22:11,Ile Boddam,40,90,Carcharhinus amblyrhynchos,3,Isabel Grudowski,
BIOT_7097_SALO_040_BOD_RIG2_L_2,0:00,22:11,Ile Boddam,40,90,Plectropomus laevis,4,Isabel Grudowski,
BIOT_7097_SALO_040_BOD_RIG2_L_2,0:00,22:11,Ile Boddam,40,90,Lutjanus bohar,3,Isabel Grudowski,
BIOT_7097_SALO_040_BOD_RIG2_L_2,0:00,22:11,Ile Boddam,40,90,Balistapus undulatus,1,Isabel Grudowski,
BIOT_7097_SALO_040_BOD_RIG2_L_2,0:00,22:11,Ile Boddam,40,90,Balistoides viridescens,2,Isabel Grudowski,
BIOT_7097_SALO_040_BOD_RIG2_L_2,0:00,22:11,Ile Boddam,40,90,Aethaloperca rogaa,3,Isabel Grudowski,
BIOT_7097_SALO_040_BOD_RIG2_L_2,0:00,22:11,Ile Boddam,40,90,Lethrinus nebulosus,1,Isabel Grudowski,
BIOT_7097_SALO_040_BOD_RIG2_L_2,0:00,22:11,Ile Boddam,40,90,Gymnothorax javanicus,1,Isabel Grudowski,
BIOT_7097_SALO_040_BOD_RIG2_L_3,0:00,22:11,Ile Boddam,40,90,Nebrius ferrugineus,1,Isabel Grudowski,Stopped observing before full 30 mins because tawny nurse shark took bait bag
BIOT_7097_SALO_040_BOD_RIG2_L_3,0:00,22:11,Ile Boddam,40,90,Melichthys niger,2,Isabel Grudowski,
BIOT_7097_SALO_040_BOD_RIG2_L_3,0:00,22:11,Ile Boddam,40,90,Triaenodon obesus,1,Isabel Grudowski,
BIOT_7097_NELS_054_RIG5_L_2,0:00,30:00,East of Nelson's Island,54,95,Carcharhinus amblyrhynchos,2,Isabel Grudowski,
BIOT_7097_NELS_054_RIG5_L_2,0:00,30:00,East of Nelson's Island,54,95,Triaenodon obesus,1,Isabel Grudowski,
BIOT_7097_NELS_054_RIG5_L_2,0:00,30:00,East of Nelson's Island,54,95,Balistapus undulatus,2,Isabel Grudowski,
BIOT_7097_NELS_054_RIG5_L_2,0:00,30:00,East of Nelson's Island,54,95,Melichthys niger,1,Isabel Grudowski,
BIOT_7097_NELS_054_RIG5_L_2,0:00,30:00,East of Nelson's Island,54,95,Variola louti,1,Isabel Grudowski,
BIOT_7097_NELS_054_RIG5_L_2,0:00,30:00,East of Nelson's Island,54,95,Plectropomus laevis,2,Isabel Grudowski,
BIOT_7097_NELS_054_RIG5_L_2,0:00,30:00,East of Nelson's Island,54,95,Aethaloperca rogaa,1,Isabel Grudowski,
BIOT_7097_NELS_054_RIG5_L_3,0:00,30:00,East of Nelson's Island,54,95,Gymnothorax javanicus,1,Isabel Grudowski,
BIOT_7097_EGMT_090_RIG2_L_2,0:00,30:00,Eagle Island,90,80,Carcharhinus amblyrhynchos,5,Isabel Grudowski,
BIOT_7097_EGMT_090_RIG2_L_2,0:00,30:00,Eagle Island,90,80,Lutjanus gibbus,3,Isabel Grudowski,
BIOT_7097_EGMT_090_RIG2_L_2,0:00,30:00,Eagle Island,90,80,Variola louti,1,Isabel Grudowski,
BIOT_7097_EGMT_090_RIG2_L_2,0:00,30:00,Eagle Island,90,80,Aethaloperca rogaa,2,Isabel Grudowski,
BIOT_7097_EGMT_090_RIG2_L_3,0:00,30:00,Eagle Island,90,80,Lutjanus bohar,10,Isabel Grudowski,
BIOT_7097_EGMT_090_RIG2_L_3,0:00,30:00,Eagle Island,90,80,Balistoides viridescens,9,Isabel Grudowski,
BIOT_7097_EGMT_090_RIG2_L_3,0:00,30:00,Eagle Island,90,80,Gymnothorax javanicus,2,Isabel Grudowski,
BIOT_7097_EGMT_090_RIG2_L_3,0:00,30:00,Eagle Island,90,80,Lethrinus nebulosus,2,Isabel Grudowski,
BIOT_7097_EGMT_090_RIG2_L_3,0:00,30:00,Eagle Island,90,80,Cephalopholis argus,3,Isabel Grudowski,
BIOT_7097_SALO_046_MAP_RIG6_L_4,0:00,9:12,Ile de la Passe,46,10,Melichthys niger,6,Caroline Mallinson,
BIOT_7097_SALO_046_MAP_RIG6_L_4,0:00,9:12,Ile de la Passe,46,10,Balistoides viridescens,1,Caroline Mallinson,
BIOT_7097_SALO_046_MAP_RIG6_L_4,0:00,9:12,Ile de la Passe,46,10,Balistapus undulatus,1,Caroline Mallinson,
BIOT_7097_SALO_046_MAP_RIG6_L_4,0:00,9:12,Ile de la Passe,46,10,Paracirrhites forsteri,1,Caroline Mallinson,
BIOT_7097_SALO_046_MAP_RIG6_L_4,0:00,9:12,Ile de la Passe,46,10,Variola louti,1,Caroline Mallinson,
BIOT_7097_SALO_046_MAP_RIG6_L_4,0:00,9:12,Ile de la Passe,46,10,Lethirinus nebulosus,1,Caroline Mallinson,
BIOT_7097_SALO_046_MAP_RIG6_L_2,0:00,17:43,Ile de la Passe,46,10,Triaenodon obesus,2,Caroline Mallinson,
BIOT_7097_SALO_046_MAP_RIG6_L_2,0:00,17:43,Ile de la Passe,46,10,Nebrius ferrugineus,1,Caroline Mallinson,cool sea turtle @16
BIOT_7097_SALO_046_MAP_RIG6_L_2,0:00,17:43,Ile de la Passe,46,10,Melichthys niger,11,Caroline Mallinson,
BIOT_7097_SALO_046_MAP_RIG6_L_2,0:00,17:43,Ile de la Passe,46,10,Cephalopholis argus,2,Caroline Mallinson,
BIOT_7097_SALO_046_MAP_RIG6_L_2,0:00,17:43,Ile de la Passe,46,10,Lethirinus nebulosus,2,Caroline Mallinson,
BIOT_7097_SALO_046_MAP_RIG6_L_2,0:00,17:43,Ile de la Passe,46,10,Carcharhinus amblyrhynchos,1,Caroline Mallinson,
BIOT_7097_SALO_046_MAP_RIG6_L_2,0:00,17:43,Ile de la Passe,46,10,Balistoides viridescens,2,Caroline Mallinson,
BIOT_7097_SALO_046_MAP_RIG6_L_2,0:00,17:43,Ile de la Passe,46,10,Variola louti,1,Caroline Mallinson,
BIOT_7097_SALO_046_MAP_RIG6_L_3,0:00,6:35,Ile de la Passe,46,10,Melichthys niger,4,Caroline Mallinson,
BIOT_7097_SALO_046_MAP_RIG6_L_3,0:00,6:35,Ile de la Passe,46,10,Variola louti,1,Caroline Mallinson,
BIOT_7097_SALO_046_MAP_RIG6_L_3,0:00,6:35,Ile de la Passe,46,10,Lethirinus nebulosus,1,Caroline Mallinson,
BIOT_7097_SALO_046_MAP_RIG6_L_3,0:00,6:35,Ile de la Passe,46,10,Balistoides viridescens,1,Caroline Mallinson,
BIOT_7097_SALO_046_MAP_RIG6_L_3,0:00,6:35,Ile de la Passe,46,10,Cephalophoplis argus,2,Caroline Mallinson,
BIOT_7097_SALO_046_MAP_RIG6_L_3,0:00,6:35,Ile de la Passe,46,10,Lethrinus enigmaticus,1,Caroline Mallinson,
BIOT_7097_PBAN_029_EAST_RIG3_L_2,0:00,17:43,North of Petite,29,2,Triaenodon obesus,2,Caroline Mallinson,
BIOT_7097_PBAN_029_EAST_RIG3_L_2,0:00,17:43,North of Petite,29,2,Plectropomus laevis,2,Caroline Mallinson,
BIOT_7097_PBAN_029_EAST_RIG3_L_2,0:00,17:43,North of Petite,29,2,Carcharhinus amblyrhynchos,1,Caroline Mallinson,
BIOT_7097_PBAN_029_EAST_RIG3_L_2,0:00,17:43,North of Petite,29,2,Cephalopholis argus,1,Caroline Mallinson,
BIOT_7097_PBAN_029_EAST_RIG3_L_2,0:00,17:43,North of Petite,29,2,Lutjanus bohar,25,Caroline Mallinson,"best guess, big swarm of bait bag and in front of camera"
BIOT_7097_PBAN_029_EAST_RIG3_L_2,0:00,17:43,North of Petite,29,2,Epinephelus fuscoguttatus,2,Caroline Mallinson,
BIOT_7097_PBAN_029_EAST_RIG3_L_2,0:00,17:43,North of Petite,29,2,Cephalophoplis argus,1,Caroline Mallinson,
BIOT_7097_PBAN_029_EAST_RIG3_L_2,0:00,17:43,North of Petite,29,2,Lutjanus gibbus,2,Caroline Mallinson,
BIOT_7097_PBAN_029_EAST_RIG3_L_2,0:00,17:43,North of Petite,29,2,Caranx melampygus,1,Caroline Mallinson,
BIOT_7097_PBAN_029_EAST_RIG3_L_2,0:00,17:43,North of Petite,29,2,Variola louti,1,Caroline Mallinson,
BIOT_7097_PBAN_029_EAST_RIG3_L_3,0:00,15:06,North of Petite,29,2,Lutjanus bohar,18,Caroline Mallinson,"best guess, big swarm of bait bag and in front of camera"
BIOT_7097_PBAN_029_EAST_RIG3_L_3,0:00,15:06,North of Petite,29,2,Variola louti,1,Caroline Mallinson,
BIOT_7097_PBAN_029_EAST_RIG3_L_3,0:00,15:06,North of Petite,29,2,Lutjanus gibbus,3,Caroline Mallinson,
BIOT_7097_PBAN_029_EAST_RIG3_L_3,0:00,15:06,North of Petite,29,2,Triaenodon obesus,1,Caroline Mallinson,
BIOT_7097_PBAN_029_EAST_RIG3_L_3,0:00,15:06,North of Petite,29,2,Melichthys niger,1,Caroline Mallinson,
BIOT_7097_PBAN_029_EAST_RIG3_L_3,0:00,15:06,North of Petite,29,2,Plectropomus laevis,1,Caroline Mallinson,
BIOT_7097_PBAN_029_EAST_RIG3_L_3,0:00,15:06,North of Petite,29,2,Balistoides viridescens,1,Caroline Mallinson,
BIOT_7097_PBAN_029_EAST_RIG3_L_3,0:00,15:06,North of Petite,29,2,Carcharhinus melanopterus,1,Caroline Mallinson,
BIOT_7097_PBAN_029_EAST_RIG3_L_3,0:00,15:06,North of Petite,29,2,Epinephelus fuscoguttatus,2,Caroline Mallinson,
BIOT_7097_PBAN_029_EAST_RIG3_L_3,0:00,15:06,North of Petite,29,2,Caranx melampygus,2,Caroline Mallinson,
BIOT_7097_NBRO_069_RIG3_L_2,0:00,17:43,North Brother,69,5,Carcharhinus amblyrhynchos,2,Caroline Mallinson,
BIOT_7097_NBRO_069_RIG3_L_2,0:00,17:43,North Brother,69,5,Balistoides viridescens,2,Caroline Mallinson,
BIOT_7097_NBRO_069_RIG3_L_2,0:00,17:43,North Brother,69,5,Lethirinus nebulosus,1,Caroline Mallinson,
BIOT_7097_NBRO_069_RIG3_L_2,0:00,17:43,North Brother,69,5,Triaenodon obesus,1,Caroline Mallinson,
BIOT_7097_NBRO_069_RIG3_L_2,0:00,17:43,North Brother,69,5,Melichthys niger,1,Caroline Mallinson,
BIOT_7097_NBRO_069_RIG3_L_3,0:00,15:34,North Brother,69,5,Carcharhinus amblyrhynchos,3,Caroline Mallinson,
BIOT_7097_NBRO_069_RIG3_L_3,0:00,15:34,North Brother,69,5,Lethrinus enigmaticus,1,Caroline Mallinson,"grey reef sharks kept trying to eat bait bag, were unsuccessful"
BIOT_7097_NBRO_069_RIG3_L_3,0:00,15:34,North Brother,69,5,Melichthys niger,1,Caroline Mallinson,
BIOT_7097_NBRO_069_RIG3_L_3,0:00,15:34,North Brother,69,5,Balistoides viridescens,1,Caroline Mallinson,
BIOT_7097_EGMT_085_RIG6_L_2,0:00,17:43,Ile Des Rats,85,5,Carcharhinus amblyrhynchos,4,Caroline Mallinson,
BIOT_7097_EGMT_085_RIG6_L_2,0:00,17:43,Ile Des Rats,85,5,Triaenodon obesus,1,Caroline Mallinson,"4:33 fish took piece of bait, but bag remained intact w/ bait still in it"
BIOT_7097_EGMT_085_RIG6_L_2,0:00,17:43,Ile Des Rats,85,5,Carcharhinus melanopterus,1,Caroline Mallinson,"10:50 nurse shark got some bait out of bag, most remained kept watching"
BIOT_7097_EGMT_085_RIG6_L_2,0:00,17:43,Ile Des Rats,85,5,Plectropomus laevis,2,Caroline Mallinson,
BIOT_7097_EGMT_085_RIG6_L_2,0:00,17:43,Ile Des Rats,85,5,Variola louti,1,Caroline Mallinson,
BIOT_7097_EGMT_085_RIG6_L_2,0:00,17:43,Ile Des Rats,85,5,Nebrius ferrugineus,1,Caroline Mallinson,
BIOT_7097_EGMT_085_RIG6_L_2,0:00,17:43,Ile Des Rats,85,5,Cephalophoplis argus,2,Caroline Mallinson,
BIOT_7097_EGMT_085_RIG6_L_3,0:00,10:41,Ile Des Rats,85,5,Carcharhinus amblyrhynchos,4,Caroline Mallinson,
BIOT_7097_EGMT_085_RIG6_L_3,0:00,10:41,Ile Des Rats,85,5,Nebrius ferrugineus,1,Caroline Mallinson,
BIOT_7097_EGMT_085_RIG6_L_3,0:00,10:41,Ile Des Rats,85,5,Cephalophoplis argus,1,Caroline Mallinson,
BIOT_7097_EGMT_085_RIG6_L_3,0:00,10:41,Ile Des Rats,85,5,Plectropomus laevis,2,Caroline Mallinson,
BIOT_7097_EGMT_085_RIG6_L_3,0:00,10:41,Ile Des Rats,85,5,Variola louti,2,Caroline Mallinson,
BIOT_7097_SALO_050_MAP_RIG2_L_4,10:00,2:00,Ile de la Passe to Ile Mapou,50,5,Melichthys niger,2,Mariana Rivera-Higueras,
BIOT_7097_SALO_050_MAP_RIG2_L_3,0:00,17:43,Ile de la Passe to Ile Mapou,50,5,Triaenodon obesus,2,Mariana Rivera-Higueras,
BIOT_7097_SALO_050_MAP_RIG2_L_3,0:00,17:43,Ile de la Passe to Ile Mapou,50,5,Caranx melampygus,3,Mariana Rivera-Higueras,
BIOT_7097_SALO_050_MAP_RIG2_L_2,0:00,10:00,Ile de la Passe to Ile Mapou,50,5,Carcharhinus amblyrhynchos,5,Mariana Rivera-Higueras,
BIOT_7097_SALO_050_MAP_RIG2_L_2,0:00,10:00,Ile de la Passe to Ile Mapou,50,5,Nebrius ferrugineus,1,Mariana Rivera-Higueras,
BIOT_7097_SALO_038_BOD_RIG4_L_3,10:00,7:43,Ile Boddam,38,35,Caranx melampygus,1,Mariana Rivera-Higueras,
BIOT_7097_SALO_038_BOD_RIG4_L_3,10:00,7:43,Ile Boddam,38,35,Balistoides viridescens,1,Mariana Rivera-Higueras,
BIOT_7097_SALO_038_BOD_RIG4_L_2,0:00,17:43,Ile Boddam,38,35,Triaenodon obesus,3,Mariana Rivera-Higueras,
BIOT_7097_SALO_038_BOD_RIG4_L_2,0:00,17:43,Ile Boddam,38,35,Lutjanus bohar,6,Mariana Rivera-Higueras,
BIOT_7097_SALO_038_BOD_RIG4_L_2,0:00,17:43,Ile Boddam,38,35,Plectropomus laevis,3,Mariana Rivera-Higueras,
BIOT_7097_SALO_038_BOD_RIG4_L_2,0:00,17:43,Ile Boddam,38,35,Cephalopholis argus,1,Mariana Rivera-Higueras,
BIOT_7097_SALO_038_BOD_RIG4_L_2,0:00,17:43,Ile Boddam,38,35,Aphareus furca,1,Mariana Rivera-Higueras,
BIOT_7097_SALO_038_BOD_RIG4_L_4,0:00,3:17,Ile Boddam,38,35,Aethaloperca rogaa,9,Mariana Rivera-Higueras,
BIOT_7097_NELS_060_RIG2_L_3,10:00,7:43,Nelson's Island,60,15,Lethrinus enigmaticus,1,Mariana Rivera-Higueras,
BIOT_7097_NELS_060_RIG2_L_2,0:00,17:43,Nelson's Island,60,15,Caranx melampygus,1,Mariana Rivera-Higueras,
BIOT_7097_NELS_060_RIG2_L_4,0:00,7:40,Nelson's Island,60,15,Plectropomus laevis,1,Mariana Rivera-Higueras,
BIOT_7097_EGMT_095_RIG6_L_3,10:00,7:43,Ile Carre Pate,95,40,Nebrius ferrugineus,1,Mariana Rivera-Higueras,
BIOT_7097_EGMT_095_RIG6_L_4,0:00,15:23,Ile Carre Pate,95,40,Cephalopholis argus,1,Mariana Rivera-Higueras,
BIOT_7097_EGMT_095_RIG6_L_4,0:00,15:23,Ile Carre Pate,95,40,Melichthys niger,3,Mariana Rivera-Higueras,
BIOT_7097_EGMT_095_RIG6_L_4,0:00,15:23,Ile Carre Pate,95,40,Caranx melampygus,1,Mariana Rivera-Higueras,
BIOT_7097_EGMT_095_RIG6_L_4,0:00,15:23,Ile Carre Pate,95,40,Lethrinus nebulosus,1,Mariana Rivera-Higueras,
BIOT_7097_EGMT_095_RIG6_L_2,0:00,12:00,Ile Carre Pate,95,40,Carcharhinus amblyrhynchos,2,Mariana Rivera-Higueras,
BIOT_7097_EGMT_095_RIG6_L_2,0:00,12:00,Ile Carre Pate,95,40,Lutjanus bohar,1,Mariana Rivera-Higueras,
BIOT_7097_EGMT_095_RIG6_L_2,0:00,12:00,Ile Carre Pate,95,40,Balistoides viridescens,1,Mariana Rivera-Higueras,
BIOT_7097_EGMT_005_RIG2_L_3,0:00,17:43,Ile Sudest,5,80,Carcharhinus amblyrhynchos,7,Mariana Rivera-Higueras,
BIOT_7097_EGMT_005_RIG2_L_3,0:00,17:43,Ile Sudest,5,80,Melichthys niger,3,Mariana Rivera-Higueras,
BIOT_7097_EGMT_005_RIG2_L_3,0:00,17:43,Ile Sudest,5,80,Cephalopholis argus,2,Mariana Rivera-Higueras,
BIOT_7097_EGMT_005_RIG2_L_3,0:00,17:43,Ile Sudest,5,80,Lethrinus enigmaticus,1,Mariana Rivera-Higueras,
BIOT_7097_EGMT_005_RIG2_L_2,0:00,17:43,Ile Sudest,5,80,Lutjanus bohar,14,Mariana Rivera-Higueras,
BIOT_7097_EGMT_005_RIG2_L_2,0:00,17:43,Ile Sudest,5,80,Balistoides viridescens,1,Mariana Rivera-Higueras,
BIOT_7097_EAGL_078_RIG4_L_1,7:15,10:30,Eagle Island,78,80,Lethrinus Nebulosis,1,Rosie,
BIOT_7097_EAGL_078_RIG4_L_1,7:15,10:30,Eagle Island,78,80,Lutjanus bohar,17,Rosie,
BIOT_7097_EAGL_078_RIG4_L_1,7:15,10:30,Eagle Island,78,80,Lutjanus gibbus,13,Rosie,
BIOT_7097_EAGL_078_RIG4_L_1,7:15,10:30,Eagle Island,78,80,Melichthys niger,4,Rosie,
BIOT_7097_EAGL_078_RIG4_L_1,7:15,10:30,Eagle Island,78,80,Plectropomus laevis,1,Rosie,
BIOT_7097_EAGL_078_RIG4_L_1,7:15,10:30,Eagle Island,78,80,Aethaloperca rogaa,1,Rosie,
BIOT_7097_EAGL_078_RIG4_L_2,0:00,17:43,Eagle Island,78,80,Plectropomus laevis,2,Rosie,
BIOT_7097_EAGL_078_RIG4_L_2,0:00,17:43,Eagle Island,78,80,Variola louti,1,Rosie,
BIOT_7097_EMGT-091_RIG2_L_2,0:00,17:43,Egmont,91,70,Melichthys niger,16,Rosie,
BIOT_7097_EMGT-091_RIG2_L_2,0:00,17:43,Egmont,91,70,Lutjanus bohar,3,Rosie,
BIOT_7097_EMGT-091_RIG2_L_2,0:00,17:43,Egmont,91,70,Carcharhinus amblyrhynchos,3,Rosie,
BIOT_7097_EMGT-091_RIG2_L_2,0:00,17:43,Egmont,91,70,Aethaloperca rogaa,3,Rosie,
BIOT_7097_EMGT-091_RIG2_L_2,0:00,17:43,Egmont,91,70,Balistoides viridescens,2,Rosie,
BIOT_7097_EMGT-091_RIG2_L_2,0:00,17:43,Egmont,91,70,Balistoides undulatus,1,Rosie,
BIOT_7097_EMGT-091_RIG2_L_2,0:00,17:43,Egmont,91,70,Cephalophis argus,2,Rosie,
BIOT_7097_EMGT-091_RIG2_L_2,0:00,17:43,Egmont,91,70,Variola louti,1,Rosie,
BIOT_7097_EMGT-091_RIG2_L_2,0:00,17:43,Egmont,91,70,Plectropomus laevis,1,Rosie,
BIOT_7097_EMGT-091_RIG2_L_2,0:00,17:43,Egmont,91,70,Lethrinus Nebulosis,2,Rosie,
BIOT_7097_EMGT-091_RIG2_L_2,0:00,17:43,Egmont,91,70,Caranx melampygus,1,Rosie,
BIOT_7097_EMGT-091_RIG2_L_3,0:00,12:17,Egmont,91,70,Lutjanus gibbus,120,Rosie,
BIOT_7097_NBRO_070_RIG2_L2,0:00,17:43,North Brothers,70,60,Balistoides viridescens,1,Rosie,
BIOT_7097_NBRO_070_RIG2_L2,0:00,17:43,North Brothers,70,60,Triaenodon obesus,1,Rosie,
BIOT_7097_NBRO_070_RIG2_L2,0:00,17:43,North Brothers,70,60,Variola louti,1,Rosie,
BIOT_7097_NBRO_070_RIG2_L2,0:00,17:43,North Brothers,70,60,Nebrius ferrugineus,1,Rosie,
BIOT_7097_NBRO_070_RIG2_L2,0:00,17:43,North Brothers,70,60,Carangoides orthogrammus,1,Rosie,
BIOT_7097_NBRO_070_RIG2_L3,0:00,12:17,North Brothers,70,60,Gracila albomarginata,1,Rosie,
"
BIOT_7097_SALO_048_MAP_RIG4_L_1",5:00,12:43,Ile de la Passe to Ile Mapou,48,90,Melichthys niger,5,Lauren J,
"
BIOT_7097_SALO_048_MAP_RIG4_L_1",5:00,12:43,Ile de la Passe to Ile Mapou,48,90,Cephalopholis argus,3,Lauren J,
"
BIOT_7097_SALO_048_MAP_RIG4_L_1",5:00,12:43,Ile de la Passe to Ile Mapou,48,90,Gymnothorax javanicus,1,Lauren J,
"
BIOT_7097_SALO_048_MAP_RIG4_L_1",5:00,12:43,Ile de la Passe to Ile Mapou,48,90,Caranx melampygus,1,Lauren J,
"
BIOT_7097_SALO_048_MAP_RIG4_L_1",5:00,12:43,Ile de la Passe to Ile Mapou,48,90,Aethaloperca rogaa,1,Lauren J,
"
BIOT_7097_SALO_048_MAP_RIG4_L_1.MP4",5:00,12:43,Ile de la Passe to Ile Mapou,48,90,Nebrius ferrugineus,1,Lauren J,17:39 turns upside down
BIOT_7097_SALO_048_MAP_RIG4_L_2,0:00,17:43,Ile de la Passe to Ile Mapou,48,90,Melichthys niger,23,Lauren J,
BIOT_7097_SALO_048_MAP_RIG4_L_2,0:00,17:43,Ile de la Passe to Ile Mapou,48,90,Carcharhinus melanopterus,2,Lauren J,
BIOT_7097_SALO_048_MAP_RIG4_L_2,0:00,17:43,Ile de la Passe to Ile Mapou,48,90,Nebrius ferrugineus,1,Lauren J,0:49 pulled bait bag off; 5:25 can see claspers lol
BIOT_7097_SALO_048_MAP_RIG4_L_2,0:00,17:43,Ile de la Passe to Ile Mapou,48,90,Caranx melampygus,6,Lauren J,2:16 parrotfish poops sand
BIOT_7097_SALO_048_MAP_RIG4_L_2,0:00,17:43,Ile de la Passe to Ile Mapou,48,90,Cephalopholis argus,3,Lauren J,
BIOT_7097_SALO_048_MAP_RIG4_L_2,0:00,17:43,Ile de la Passe to Ile Mapou,48,90,Plectropomus laevis,1,Lauren J,
BIOT_7097_SALO_048_MAP_RIG4_L_2,0:00,17:43,Ile de la Passe to Ile Mapou,48,90,Gymnothorax javanicus,1,Lauren J,
BIOT_7097_SALO_048_MAP_RIG4_L_2,0:00,17:43,Ile de la Passe to Ile Mapou,48,90,Balistoides viridescens,2,Lauren J,
BIOT_7097_SALO_048_MAP_RIG4_L_3,0:00,17:43,Ile de la Passe to Ile Mapou,48,90,Nebrius ferrugineus,1,Lauren J,
BIOT_7097_SALO_048_MAP_RIG4_L_3,0:00,17:43,Ile de la Passe to Ile Mapou,48,90,Melichthys niger,8,Lauren J,
BIOT_7097_SALO_048_MAP_RIG4_L_3,0:00,17:43,Ile de la Passe to Ile Mapou,48,90,Carcharhinus melanopterus,1,Lauren J,
BIOT_7097_SALO_048_MAP_RIG4_L_3,0:00,17:43,Ile de la Passe to Ile Mapou,48,90,Balistoides viridescens,1,Lauren J,
BIOT_7097_SALO_048_MAP_RIG4_L_3,0:00,17:43,Ile de la Passe to Ile Mapou,48,90,Cephalopholis argus,4,Lauren J,
BIOT_7097_SALO_048_MAP_RIG4_L_3,0:00,17:43,Ile de la Passe to Ile Mapou,48,90,Caranx melampygus,1,Lauren J,
BIOT_7097_SALO_048_MAP_RIG4_L_3,0:00,17:43,Ile de la Passe to Ile Mapou,48,90,Gymnothorax javanicus,1,Lauren J,
BIOT_7097_SALO_048_MAP_RIG4_L_3,0:00,17:43,Ile de la Passe to Ile Mapou,48,90,Epinephelus fuscoguttatus,1,Lauren J,16:17
BIOT_7097_SALO_048_MAP_RIG4_L_4,0:00,9:25,Ile de la Passe to Ile Mapou,48,90,Epinephelus fuscoguttatus,1,Lauren J,
BIOT_7097_SALO_048_MAP_RIG4_L_4,0:00,9:25,Ile de la Passe to Ile Mapou,48,90,Nebrius ferrugineus,1,Lauren J,
BIOT_7097_SALO_048_MAP_RIG4_L_4,0:00,9:25,Ile de la Passe to Ile Mapou,48,90,Cephalopholis argus,3,Lauren J,
BIOT_7097_SALO_048_MAP_RIG4_L_4,0:00,9:25,Ile de la Passe to Ile Mapou,48,90,Melichthys niger,4,Lauren J,
BIOT_7097_SALO_048_MAP_RIG4_L_4,0:00,9:25,Ile de la Passe to Ile Mapou,48,90,Balistoides viridescens,1,Lauren J,
BIOT_7097_SALO_048_MAP_RIG4_L_4,0:00,9:25,Ile de la Passe to Ile Mapou,48,90,Carcharhinus melanopterus,1,Lauren J,
BIOT_7097_SALO_048_MAP_RIG4_L_4,0:00,9:25,Ile de la Passe to Ile Mapou,48,90,Caranx melampygus,1,Lauren J,
BIOT_7097_PBAN_027_EAST_RIG5_L_1,2:53,14:50,North of Petite,27,98,Plectropomus laevis,1,Lauren J,2:53 confirm ID
BIOT_7097_PBAN_027_EAST_RIG5_L_1,2:53,14:50,North of Petite,27,98,Melichthys niger,5,Lauren J,Current seems stronger
BIOT_7097_PBAN_027_EAST_RIG5_L_1,2:53,14:50,North of Petite,27,98,Caranx melampygus,1,Lauren J,
BIOT_7097_PBAN_027_EAST_RIG5_L_1,2:53,14:50,North of Petite,27,98,Cephalopholis argus,3,Lauren J,
BIOT_7097_PBAN_027_EAST_RIG5_L_1,2:53,14:50,North of Petite,27,98,Balistoides viridescens,1,Lauren J,8:40
BIOT_7097_PBAN_027_EAST_RIG5_L_2,0:00,17:43,North of Petite,27,98,Melichthys niger,10,Lauren J,
BIOT_7097_PBAN_027_EAST_RIG5_L_2,0:00,17:43,North of Petite,27,98,Cephalopholis argus,3,Lauren J,
BIOT_7097_PBAN_027_EAST_RIG5_L_2,0:00,17:43,North of Petite,27,98,Carcharhinus amblyrhynchos,1,Lauren J,
BIOT_7097_PBAN_027_EAST_RIG5_L_2,0:00,17:43,North of Petite,27,98,Variola louti,1,Lauren J,
BIOT_7097_PBAN_027_EAST_RIG5_L_2,0:00,17:43,North of Petite,27,98,Lethrinus nebulosus,1,Lauren J,
BIOT_7097_PBAN_027_EAST_RIG5_L_2,0:00,17:43,North of Petite,27,98,Caranx melampygus,1,Lauren J,8:45 (chasing unknown fish)
BIOT_7097_PBAN_027_EAST_RIG5_L_3,0:00,17:43,North of Petite,27,98,Variola louti,2,Lauren J,
BIOT_7097_PBAN_027_EAST_RIG5_L_3,0:00,17:43,North of Petite,27,98,Melichthys niger,10,Lauren J,
BIOT_7097_PBAN_027_EAST_RIG5_L_3,0:00,17:43,North of Petite,27,98,Cephalopholis argus,1,Lauren J,
BIOT_7097_PBAN_027_EAST_RIG5_L_3,0:00,17:43,North of Petite,27,98,Carcharhinus amblyrhynchos,1,Lauren J,
BIOT_7097_PBAN_027_EAST_RIG5_L_3,0:00,17:43,North of Petite,27,98,Nebrius ferrugineus,1,Lauren J,13:00 falls backward lol
BIOT_7097_PBAN_027_EAST_RIG5_L_4,0:00,16:00,North of Petite,27,98,Melichthys niger,10,Lauren J,
BIOT_7097_PBAN_027_EAST_RIG5_L_4,0:00,16:00,North of Petite,27,98,Variola louti,2,Lauren J,
BIOT_7097_PBAN_027_EAST_RIG5_L_4,0:00,16:00,North of Petite,27,98,Carcharhinus amblyrhynchos,1,Lauren J,
BIOT_7097_PBAN_027_EAST_RIG5_L_4,0:00,16:00,North of Petite,27,98,Cephalopholis argus,1,Lauren J,
BIOT_7097_PBAN_027_EAST_RIG5_L_4,0:00,16:00,North of Petite,27,98,Aethaloperca rogaa,2,Lauren J,
BIOT_7097_PBAN_027_EAST_RIG5_L_4,0:00,16:00,North of Petite,27,98,Nebrius ferrugineus,1,Lauren J,female
BIOT_7097_PBAN_027_EAST_RIG5_L_4,0:00,16:00,North of Petite,27,98,Triaenodon obesus,1,Lauren J,8:08
BIOT_7097_NBRO_065_RIG6_L_1,5:00,12:43,North Brother,65,35,Gymnothorax javanicus,1,Lauren J,
BIOT_7097_NBRO_065_RIG6_L_1,5:00,12:43,North Brother,65,35,Carcharhinus amblyrhynchos,1,Lauren J,
BIOT_7097_NBRO_065_RIG6_L_1,5:00,12:43,North Brother,65,35,Plectropomus laevis,3,Lauren J,8:15
BIOT_7097_NBRO_065_RIG6_L_1,5:00,12:43,North Brother,65,35,Lutjanus bohar,1,Lauren J,9:00
BIOT_7097_NBRO_065_RIG6_L_1,5:00,12:43,North Brother,65,35,Caranx melampygus,1,Lauren J,
BIOT_7097_NBRO_065_RIG6_L_2,0:00,17:43,North Brother,65,35,Carcharhinus amblyrhynchos,1,Lauren J,
BIOT_7097_NBRO_065_RIG6_L_2,0:00,17:43,North Brother,65,35,Plectropomus laevis,2,Lauren J,
BIOT_7097_NBRO_065_RIG6_L_2,0:00,17:43,North Brother,65,35,Lutjanus bohar,1,Lauren J,aggressive
BIOT_7097_NBRO_065_RIG6_L_2,0:00,17:43,North Brother,65,35,Cirrhitichthys oxycephalus,2,Lauren J,
BIOT_7097_NBRO_065_RIG6_L_2,0:00,17:43,North Brother,65,35,Triaenodon obesus,1,Lauren J,
BIOT_7097_NBRO_065_RIG6_L_2,0:00,17:43,North Brother,65,35,Variola louti,1,Lauren J,
BIOT_7097_NBRO_065_RIG6_L_2,0:00,17:43,North Brother,65,35,Melichthys niger,2,Lauren J,
BIOT_7097_NBRO_065_RIG6_L_3,0:00,17:43,North Brother,65,35,Triaenodon obesus,1,Lauren J,0:14
BIOT_7097_NBRO_065_RIG6_L_3,0:00,17:43,North Brother,65,35,Melichthys niger,2,Lauren J,
BIOT_7097_NBRO_065_RIG6_L_3,0:00,17:43,North Brother,65,35,Carcharhinus amblyrhynchos,1,Lauren J,
BIOT_7097_NBRO_065_RIG6_L_3,0:00,17:43,North Brother,65,35,Cirrhitichthys oxycephalus,2,Lauren J,
BIOT_7097_NBRO_065_RIG6_L_3,0:00,17:43,North Brother,65,35,Lethrinus nebulosus,6,Lauren J,5:40
BIOT_7097_NBRO_065_RIG6_L_3,0:00,17:43,North Brother,65,35,Lutjanus bohar,1,Lauren J,
BIOT_7097_NBRO_065_RIG6_L_3,0:00,17:43,North Brother,65,35,Variola louti,2,Lauren J,
"BIOT_7097_NBRO_065_RIG6_L_4
",0:00,12:00,North Brother,65,35,Carcharhinus amblyrhynchos,1,Lauren J,
"BIOT_7097_NBRO_065_RIG6_L_4
",0:00,12:00,North Brother,65,35,Lethrinus nebulosus,4,Lauren J,
"BIOT_7097_NBRO_065_RIG6_L_4
",0:00,12:00,North Brother,65,35,Variola louti,2,Lauren J,
"BIOT_7097_NBRO_065_RIG6_L_4
",0:00,12:00,North Brother,65,35,Plectropomus laevis,1,Lauren J,
"BIOT_7097_NBRO_065_RIG6_L_4
",0:00,12:00,North Brother,65,35,Lutjanus bohar,1,Lauren J,
"BIOT_7097_NBRO_065_RIG6_L_4
",0:00,12:00,North Brother,65,35,Cirrhitichthys oxycephalus,2,Lauren J,
"BIOT_7097_NBRO_065_RIG6_L_4
",0:00,12:00,North Brother,65,35,Balistapus undulatus,2,Lauren J,
BIOT_7097_EGMT_086_RIG6_L_1,3:00,14:43,Ile Lubine,86,98,Cephalopholis argus,3,Lauren J,
BIOT_7097_EGMT_086_RIG6_L_1,3:00,14:43,Ile Lubine,86,98,Carcharhinus amblyrhynchos,6,Lauren J,
BIOT_7097_EGMT_086_RIG6_L_1,3:00,14:43,Ile Lubine,86,98,Melichthys niger,9,Lauren J,
BIOT_7097_EGMT_086_RIG6_L_1,3:00,14:43,Ile Lubine,86,98,Lutjanus bohar,6,Lauren J,
BIOT_7097_EGMT_086_RIG6_L_1,3:00,14:43,Ile Lubine,86,98,Triaenodon obesus,1,Lauren J,
BIOT_7097_EGMT_086_RIG6_L_1,3:00,14:43,Ile Lubine,86,98,Carcharhinus melanopterus,1,Lauren J,
BIOT_7097_EGMT_086_RIG6_L_1,3:00,14:43,Ile Lubine,86,98,Variola louti,1,Lauren J,
BIOT_7097_EGMT_086_RIG6_L_2,0:00,17:43,Ile Lubine,86,98,Carcharhinus amblyrhynchos,5,Lauren J,
BIOT_7097_EGMT_086_RIG6_L_2,0:00,17:43,Ile Lubine,86,98,Melichthys niger,6,Lauren J,
BIOT_7097_EGMT_086_RIG6_L_2,0:00,17:43,Ile Lubine,86,98,Lutjanus bohar,5,Lauren J,
BIOT_7097_EGMT_086_RIG6_L_2,0:00,17:43,Ile Lubine,86,98,Variola louti,2,Lauren J,
BIOT_7097_EGMT_086_RIG6_L_2,0:00,17:43,Ile Lubine,86,98,Cephalopholis argus,3,Lauren J,
BIOT_7097_EGMT_086_RIG6_L_2,0:00,17:43,Ile Lubine,86,98,Caranx melampygus,1,Lauren J,
BIOT_7097_EGMT_086_RIG6_L_2,0:00,17:43,Ile Lubine,86,98,Aphareus furca,1,Lauren J,10:43
"BIOT_7097_EGMT_086_RIG6_L_3
",0:00,17:43,Ile Lubine,86,98,Carcharhinus amblyrhynchos,7,Lauren J,
"BIOT_7097_EGMT_086_RIG6_L_3
",0:00,17:43,Ile Lubine,86,98,Cephalopholis argus,4,Lauren J,
"BIOT_7097_EGMT_086_RIG6_L_3
",0:00,17:43,Ile Lubine,86,98,Lutjanus bohar,6,Lauren J,
"BIOT_7097_EGMT_086_RIG6_L_3
",0:00,17:43,Ile Lubine,86,98,Melichthys niger,5,Lauren J,
"BIOT_7097_EGMT_086_RIG6_L_3
",0:00,17:43,Ile Lubine,86,98,Variola louti,1,Lauren J,
"BIOT_7097_EGMT_086_RIG6_L_4
",0:00,10:15,Ile Lubine,86,98,Cephalopholis argus,2,Lauren J,
"BIOT_7097_EGMT_086_RIG6_L_4
",0:00,10:15,Ile Lubine,86,98,Carcharhinus amblyrhynchos,7,Lauren J,
"BIOT_7097_EGMT_086_RIG6_L_4
",0:00,10:15,Ile Lubine,86,98,Lutjanus bohar,5,Lauren J,
"BIOT_7097_EGMT_086_RIG6_L_4
",0:00,10:15,Ile Lubine,86,98,Melichthys niger,4,Lauren J,
"BIOT_7097_EAGL_074_RIG5_L_1
",4:00,13:43,Eagle Island,74,15,Melichthys niger,4,Lauren J,
"BIOT_7097_EAGL_074_RIG5_L_1
",4:00,13:43,Eagle Island,74,15,Aethaloperca rogaa,2,Lauren J,
"BIOT_7097_EAGL_074_RIG5_L_1
",4:00,13:43,Eagle Island,74,15,Lutjanus bohar,5,Lauren J,
"BIOT_7097_EAGL_074_RIG5_L_1
",4:00,13:43,Eagle Island,74,15,Carcharhinus amblyrhynchos,1,Lauren J,
"BIOT_7097_EAGL_074_RIG5_L_1
",4:00,13:43,Eagle Island,74,15,Plectropomus laevis,1,Lauren J,12:20
"BIOT_7097_EAGL_074_RIG5_L_1
",4:00,13:43,Eagle Island,74,15,Caranx melampygus,1,Lauren J,11:17
"BIOT_7097_EAGL_074_RIG5_L_1
",4:00,13:43,Eagle Island,74,15,Triaenodon obesus,1,Lauren J,14:25
"BIOT_7097_EAGL_074_RIG5_L_1
",4:00,13:43,Eagle Island,74,15,Lethrinus nebulosus,1,Lauren J,16:32
"BIOT_7097_EAGL_074_RIG5_L_2
",0:00,17:43,Eagle Island,74,15,Carcharhinus amblyrhynchos,1,Lauren J,
"BIOT_7097_EAGL_074_RIG5_L_2
",0:00,17:43,Eagle Island,74,15,Lutjanus bohar,4,Lauren J,
"BIOT_7097_EAGL_074_RIG5_L_2
",0:00,17:43,Eagle Island,74,15,Aethaloperca rogaa,2,Lauren J,
"BIOT_7097_EAGL_074_RIG5_L_2
",0:00,17:43,Eagle Island,74,15,Plectropomus laevis,1,Lauren J,
"BIOT_7097_EAGL_074_RIG5_L_2
",0:00,17:43,Eagle Island,74,15,Melichthys niger,2,Lauren J,
"BIOT_7097_EAGL_074_RIG5_L_2
",0:00,17:43,Eagle Island,74,15,Nebrius ferrugineus,1,Lauren J,
"BIOT_7097_EAGL_074_RIG5_L_2
",0:00,17:43,Eagle Island,74,15,Caranx melampygus,1,Lauren J,
"BIOT_7097_EAGL_074_RIG5_L_2
",0:00,17:43,Eagle Island,74,15,Triaenodon obesus,1,Lauren J,11:50
"BIOT_7097_EAGL_074_RIG5_L_2
",0:00,17:43,Eagle Island,74,15,Cephalopholis argus,1,Lauren J,
"BIOT_7097_EAGL_074_RIG5_L_3
",0:00,17:43,Eagle Island,74,15,Cephalopholis argus,1,Lauren J,
"BIOT_7097_EAGL_074_RIG5_L_3
",0:00,17:43,Eagle Island,74,15,Lutjanus bohar,3,Lauren J,
"BIOT_7097_EAGL_074_RIG5_L_3
",0:00,17:43,Eagle Island,74,15,Melichthys niger,1,Lauren J,
"BIOT_7097_EAGL_074_RIG5_L_3
",0:00,17:43,Eagle Island,74,15,Aethaloperca rogaa,1,Lauren J,
"BIOT_7097_EAGL_074_RIG5_L_3
",0:00,17:43,Eagle Island,74,15,Caranx melampygus,2,Lauren J,
BIOT_7097_EGMT_002_RIG5_L_3,0:00,17:43,Ile Sudest,2,30,Variola louti,1,Mona,
BIOT_7097_EGMT_002_RIG5_L_3,0:00,17:43,Ile Sudest,2,30,Cephalopholis argus,1,Mona,
BIOT_7097_EGMT_002_RIG5_L_3,0:00,17:43,Ile Sudest,2,30,Lethrinus enigmaticus,1,Mona,
BIOT_7097_EGMT_002_RIG5_L_3,0:00,17:43,Ile Sudest,2,30,Lethrinus nebulosus,2,Mona,
BIOT_7097_EGMT_002_RIG5_L_3,0:00,17:43,Ile Sudest,2,30,Carcharhinus melanopterus,1,Mona,
BIOT_7097_EGMT_002_RIG5_L_3,0:00,17:43,Ile Sudest,2,30,Balistoides viridescens,1,Mona,
BIOT_7097_EGMT_002_RIG5_L_3,0:00,17:43,Ile Sudest,2,30,Melichthys niger,2,Mona,
BIOT_7097_EGMT_002_RIG5_L_3,0:00,17:43,Ile Sudest,2,30,Carcharhinus amblyrhynchos,1,Mona,
BIOT_7097_EGMT_002_RIG5_L_3,0:00,17:43,Ile Sudest,2,30,Lutjanus gibbus,18,Mona,
BIOT_7097_EGMT_002_RIG5_L_1,5:15,12:28,Ile Sudest,2,30,Carcharhinus amblyrhynchos,6,Mona,
BIOT_7097_EGMT_002_RIG5_L_1,5:15,12:28,Ile Sudest,2,30,Lutjanus gibbus,19,Mona,
BIOT_7097_EGMT_002_RIG5_L_1,5:15,12:28,Ile Sudest,2,30,Lutjanus bohar,13,Mona,
BIOT_7097_EGMT_002_RIG5_L_1,5:15,12:28,Ile Sudest,2,30,Lethrinus nebulosus,1,Mona,
BIOT_7097_EGMT_002_RIG5_L_1,5:15,12:28,Ile Sudest,2,30,Caranx melampygus,3,Mona,
BIOT_7097_EGMT_002_RIG5_L_1,5:15,12:28,Ile Sudest,2,30,Paracirrhites forsteri,4,Mona,
BIOT_7097_EGMT_002_RIG5_L_1,5:15,12:28,Ile Sudest,2,30,Triaenodon obesus,2,Mona,
BIOT_7097_NELS_052_RIG3_L_2,0:00,17:43,East of Nelson's Island,52,10,Melichthys niger,3,Mona,
BIOT_7097_NELS_052_RIG3_L_2,0:00,17:43,East of Nelson's Island,52,10,Lethrinus enigmaticu,1,Mona,
BIOT_7097_NELS_052_RIG3_L_2,0:00,17:43,East of Nelson's Island,52,10,Lutjanus bohar,2,Mona,
BIOT_7097_NELS_052_RIG3_L_2,0:00,17:43,East of Nelson's Island,52,10,Carcharhinus amblyrhynchos,1,Mona,
BIOT_7097_NELS_052_RIG3_L_2,0:00,17:43,East of Nelson's Island,52,10,Lethrinus nebulosus,5,Mona,
BIOT_7097_NELS_052_RIG3_L_2,0:00,17:43,East of Nelson's Island,52,10,Triaenodon obesus,1,Mona,
BIOT_7097_NELS_052_RIG3_L_2,0:00,17:43,East of Nelson's Island,52,10,Balistapus undulatus,1,Mona,
BIOT_7097_NELS_052_RIG3_L_2,0:00,17:43,East of Nelson's Island,52,10,Plectropomus laevis,1,Mona,
BIOT_7097_NELS_052_RIG3_L_2,0:00,17:43,East of Nelson's Island,52,10,Balistoides viridescens,1,Mona,
BIOT_7097_NELS_052_RIG3_L_2,0:00,17:43,East of Nelson's Island,52,10,Gymnothorax javanicus,1,Mona,
BIOT_7097_NELS_052_RIG3_L_3,0:00,13:12,East of Nelson's Island,52,10,Balistoides viridescens,1,Mona,
BIOT_7097_NELS_052_RIG3_L_3,0:00,13:12,East of Nelson's Island,52,10,Lethrinus nebulosus,2,Mona,
BIOT_7097_NELS_052_RIG3_L_3,0:00,13:12,East of Nelson's Island,52,10,Lutjanus bohar,2,Mona,
BIOT_7097_NELS_052_RIG3_L_3,0:00,13:12,East of Nelson's Island,52,10,Plectropomus laevis,1,Mona,
BIOT_7097_NELS_052_RIG3_L_3,0:00,13:12,East of Nelson's Island,52,10,Balistapus undulatus,1,Mona,
BIOT_7097_NELS_052_RIG3_L_3,0:00,13:12,East of Nelson's Island,52,10,Gymnothorax javanicus,1,Mona,
BIOT_7097_NELS_052_RIG3_L_3,0:00,13:12,East of Nelson's Island,52,10,Triaenodon obesus,1,Mona,
BIOT_7097_NELS_052_RIG3_L_3,0:00,13:12,East of Nelson's Island,52,10,Variola louti,1,Mona,
BIOT_7097_PBAN_035_EAST_RIG6_L_2,0:00,17:43,South of Ile Yeye,35,5,Melichthys niger,3,Mona,
BIOT_7097_PBAN_035_EAST_RIG6_L_2,0:00,17:43,South of Ile Yeye,35,5,Variola louti,1,Mona,
BIOT_7097_PBAN_035_EAST_RIG6_L_2,0:00,17:43,South of Ile Yeye,35,5,Caranx melampygus,1,Mona,
BIOT_7097_PBAN_035_EAST_RIG6_L_2,0:00,17:43,South of Ile Yeye,35,5,Plectropomus laevis,1,Mona,
BIOT_7097_PBAN_035_EAST_RIG6_L_3,0:00,13:43,South of Ile Yeye,35,5,Melichthys niger,2,Mona,
BIOT_7097_PBAN_035_EAST_RIG6_L_3,0:00,13:43,South of Ile Yeye,35,5,Plectropomus laevis,1,Mona,
BIOT_7097_PBAN_035_EAST_RIG6_L_3,0:00,13:43,South of Ile Yeye,35,5,Lutjanus gibbus,1,Mona,
BIOT_7097_PBAN_035_EAST_RIG6_L_3,0:00,13:43,South of Ile Yeye,35,5,Lethrinus enigmaticus,1,Mona,
BIOT_7097_PBAN_006_SOUTH_RIG2_L_2,0:00,17:43,Ile Fouquet,6,75,Lethrinus nebulosus,12,Mona,
BIOT_7097_PBAN_006_SOUTH_RIG2_L_2,0:00,17:43,Ile Fouquet,6,75,Melichthys niger,3,Mona,
BIOT_7097_PBAN_006_SOUTH_RIG2_L_2,0:00,17:43,Ile Fouquet,6,75,Lethrinus enigmaticus,2,Mona,
BIOT_7097_PBAN_006_SOUTH_RIG2_L_2,0:00,17:43,Ile Fouquet,6,75,Lutjanus bohar,3,Mona,
BIOT_7097_PBAN_006_SOUTH_RIG2_L_2,0:00,17:43,Ile Fouquet,6,75,Triaenodon obesus,2,Mona,
BIOT_7097_PBAN_006_SOUTH_RIG2_L_2,0:00,17:43,Ile Fouquet,6,75,Carcharhinus amblyrhynchos,2,Mona,
BIOT_7097_PBAN_006_SOUTH_RIG2_L_2,0:00,17:43,Ile Fouquet,6,75,Plectropomus laevis,1,Mona,
BIOT_7097_PBAN_006_SOUTH_RIG2_L_2,0:00,17:43,Ile Fouquet,6,75,Aethaloperca rogaa,1,Mona,
BIOT_7097_PBAN_006_SOUTH_RIG2_L_2,0:00,17:43,Ile Fouquet,6,75,Variola louti,1,Mona,
BIOT_7097_PBAN_006_SOUTH_RIG2_L_2,0:00,17:43,Ile Fouquet,6,75,Carcharhinus melanopterus,1,Mona,
BIOT_7097_PBAN_006_SOUTH_RIG2_L_2,0:00,17:43,Ile Fouquet,6,75,Lutjanus gibbus,1,Mona,
BIOT_7097_PBAN_006_SOUTH_RIG2_L_3,0:00,13:43,Ile Fouquet,6,75,Melichthys niger,3,Mona,
BIOT_7097_PBAN_006_SOUTH_RIG2_L_3,0:00,13:43,Ile Fouquet,6,75,Lethrinus nebulosus,19,Mona,
BIOT_7097_PBAN_006_SOUTH_RIG2_L_3,0:00,13:43,Ile Fouquet,6,75,Triaenodon obesus,4,Mona,
BIOT_7097_PBAN_006_SOUTH_RIG2_L_3,0:00,13:43,Ile Fouquet,6,75,Carcharhinus amblyrhynchos,3,Mona,
BIOT_7097_PBAN_006_SOUTH_RIG2_L_3,0:00,13:43,Ile Fouquet,6,75,Lutjanus bohar,3,Mona,
BIOT_7097_PBAN_006_SOUTH_RIG2_L_3,0:00,13:43,Ile Fouquet,6,75,Caranx melampygus,1,Mona,
BIOT_7097_PBAN_006_SOUTH_RIG2_L_3,0:00,13:43,Ile Fouquet,6,75,Lutjanus gibbus,2,Mona,
BIOT_7097_PBAN_006_SOUTH_RIG2_L_3,0:00,13:43,Ile Fouquet,6,75,Carcharhinus melanopterus,1,Mona,
BIOT_7097_PBAN_006_SOUTH_RIG2_L_3,0:00,13:43,Ile Fouquet,6,75,Lethrinus enigmaticus,1,Mona,
BIOT_7097_PBAN_006_SOUTH_RIG2_L_3,0:00,13:43,Ile Fouquet,6,75,Lutjanus gibbus,2,Mona,
BIOT_7097_PBAN_006_SOUTH_RIG2_L_3,0:00,13:43,Ile Fouquet,6,75,Nebrius ferrugineus,1,Mona,
BIOT_7097_PBAN_006_SOUTH_RIG2_L_3,0:00,13:43,Ile Fouquet,6,75,Plectropomus laevis,1,Mona,
BIOT_7097_PBAN_006_SOUTH_RIG2_L_3,0:00,13:43,Ile Fouquet,6,75,Aethaloperca rogaa,1,Mona,
BIOT_7097_PBAN_006_SOUTH_RIG2_L_3,0:00,13:43,Ile Fouquet,6,75,Variola louti,1,Mona,
BIOT_7097_PBAN_033_EAST_RIG4_L_2,0:00,17:43,South of Ile Yeye,33,30,Lutjanus bohar,24,Ariel,totals throughout both videos
BIOT_7097_PBAN_033_EAST_RIG4_L_2,0:00,17:43,South of Ile Yeye,33,30,Carcharhinus amblyrhynchos,2,Ariel,
BIOT_7097_PBAN_033_EAST_RIG4_L_3,0:00,11:30,South of Ile Yeye,33,30,Caranx melampygus,2,Ariel,
BIOT_7097_PBAN_033_EAST_RIG4_L_3,0:00,11:30,South of Ile Yeye,33,30,Nebrius ferrugineus,1,Ariel,
BIOT_7097_PBAN_033_EAST_RIG4_L_3,0:00,11:30,South of Ile Yeye,33,30,Scomberoides lysan,16,Ariel,
BIOT_7097_EGMT_087_RIG5_L_2,0:00,17:43,Ile Lubine,87,90,Carcharhinus amblyrhynchos,5,Ariel,
BIOT_7097_EGMT_087_RIG5_L_2,0:00,17:43,Ile Lubine,87,90,Lutjanus bohar,2,Ariel,
BIOT_7097_EGMT_087_RIG5_L_2,0:00,17:43,Ile Lubine,87,90,Variola louti,1,Ariel,
BIOT_7097_EGMT_087_RIG5_L_2,0:00,17:43,Ile Lubine,87,90,Melichthys niger,7,Ariel,
BIOT_7097_EGMT_087_RIG5_L_2,0:00,17:43,Ile Lubine,87,90,Carcharhinus melanopterus,1,Ariel,
BIOT_7097_EGMT_087_RIG5_L_2,0:00,17:43,Ile Lubine,87,90,Balistoides viridescens,1,Ariel,
BIOT_7097_EGMT_087_RIG5_L_3,0:00,13:30,Ile Lubine,87,90,Variola louti,1,Ariel,
BIOT_7097_EGMT_087_RIG5_L_3,0:00,13:30,Ile Lubine,87,90,Carcharhinus amblyrhynchos,5,Ariel,
BIOT_7097_EGMT_087_RIG5_L_3,0:00,13:30,Ile Lubine,87,90,Melichthys niger,5,Ariel,
BIOT_7097_EAGL_073_RIG4_L_2,0:00,17:43,Eagle Island,73,70,Lutjanus bohar,3,Ariel,
BIOT_7097_EAGL_073_RIG4_L_2,0:00,17:43,Eagle Island,73,70,Lethrinus enigmaticus,2,Ariel,
BIOT_7097_EAGL_073_RIG4_L_2,0:00,17:43,Eagle Island,73,70,Carcharhinus amblyrhynchos,1,Ariel,
BIOT_7097_EAGL_073_RIG4_L_2,0:00,17:43,Eagle Island,73,70,Triaenodon obesus,1,Ariel,
BIOT_7097_EAGL_073_RIG4_L_2,0:00,17:43,Eagle Island,73,70,Plectropomus laevis,6,Ariel,unsure
BIOT_7097_EAGL_073_RIG4_L_2,0:00,17:43,Eagle Island,73,70,Variola louti,6,Ariel,
BIOT_7097_EAGL_073_RIG4_L_2,0:00,17:43,Eagle Island,73,70,Melichthys niger,3,Ariel,
BIOT_7097_EAGL_073_RIG4_L_2,0:00,17:43,Eagle Island,73,70,Caranx melampygus,1,Ariel,4:26?
BIOT_7097_EAGL_073_RIG4_L_2,0:00,17:43,Eagle Island,73,70,Cephalopholis argus,1,Ariel,
BIOT_7097_EAGL_073_RIG4_L_2,0:00,17:43,Eagle Island,73,70,Balistoides viridescens,1,Ariel,
BIOT_7097_EAGL_073_RIG4_L_3,0:00,13:10,Eagle Island,73,70,Lutjanus bohar,1,Ariel,
BIOT_7097_EAGL_073_RIG4_L_3,0:00,13:10,Eagle Island,73,70,Melichthys niger,3,Ariel,
BIOT_7097_EAGL_073_RIG4_L_3,0:00,13:10,Eagle Island,73,70,Lethrinus enigmaticus,2,Ariel,
BIOT_7097_EAGL_073_RIG4_L_3,0:00,13:10,Eagle Island,73,70,Lutjanus kasmira,1,Ariel,yellow boi 1:10
BIOT_7097_EAGL_073_RIG4_L_3,0:00,13:10,Eagle Island,73,70,Balistoides viridescens,2,Ariel,2:22 9 ugly parrotfish why
BIOT_7097_EAGL_073_RIG4_L_3,0:00,13:10,Eagle Island,73,70,Carcharhinus amblyrhynchos,1,Ariel,
BIOT_7097_EAGL_073_RIG4_L_3,0:00,13:10,Eagle Island,73,70,Gymnothorax javanicus,1,Ariel,6:00
BIOT_7097_EAGL_073_RIG4_L_3,0:00,13:10,Eagle Island,73,70,Triaenodon obesus,1,Ariel,
BIOT_7097_EAGL_073_RIG4_L_3,0:00,13:10,Eagle Island,73,70,Plectropomus laevis,3,Ariel,
BIOT_7097_EAGL_073_RIG4_L_3,0:00,13:10,Eagle Island,73,70,Cephalopholis argus,8,Ariel,"unsure, 6:15"
BIOT_7097_EAGL_073_RIG4_L_3,0:00,13:10,Eagle Island,73,70,Caranx melampygus,1,Ariel,11:11
BIOT_7097_PBAN_034_EAST_RIG5_L_3,1:00,15:00,South of Ile Yeye,34,20,Melichthys niger,1,Jonathan,
BIOT_7097_PBAN_034_EAST_RIG5_L_3,1:00,15:00,South of Ile Yeye,34,20,Gymnothorax javanicus,1,Jonathan,
BIOT_7097_PBAN_034_EAST_RIG5_L_3,1:00,15:00,South of Ile Yeye,34,20,Plectropomus laevis,1,Jonathan,
BIOT_7097_PBAN_034_EAST_RIG5_L_2,1:00,15:00,South of Ile Yeye,34,20,Gymnothorax javanicus,1,Jonathan,
BIOT_7097_PBAN_034_EAST_RIG5_L_2,1:00,15:00,South of Ile Yeye,34,20,Melichthys niger,2,Jonathan,
BIOT_7097_PBAN_034_EAST_RIG5_L_2,1:00,15:00,South of Ile Yeye,34,20,Caranx melampygus,1,Jonathan,
BIOT_7097_NBRO_062_RIG3_L_2,1:00,15:00,North Brother,62,25,Melichthys niger,2,Jonathan,cool octopus fight
BIOT_7097_NBRO_062_RIG3_L_2,1:00,15:00,North Brother,62,25,Variola louti,1,Jonathan,
BIOT_7097_NBRO_062_RIG3_L_2,1:00,15:00,North Brother,62,25,Lutjanus bohar,13,Jonathan,
BIOT_7097_NBRO_062_RIG3_L_3,1:00,15:00,North Brother,62,25,Lutjanus bohar,11,Jonathan,
BIOT_7097_NBRO_062_RIG3_L_3,1:00,15:00,North Brother,62,25,Melichthys niger,2,Jonathan,
BIOT_7097_NBRO_062_RIG3_L_3,1:00,15:00,North Brother,62,25,Carcharhinus amblyrhynchos,1,Jonathan,
BIOT_7097_EGMT_089_RIG3_L_2,1:00,15:00,Ile Lubine,89,95,Melichthys niger,14,Jonathan,
BIOT_7097_EGMT_089_RIG3_L_2,1:00,15:00,Ile Lubine,89,95,Caranx melampygus,1,Jonathan,
BIOT_7097_EGMT_089_RIG3_L_2,1:00,15:00,Ile Lubine,89,95,Lutjanus bohar,2,Jonathan,
BIOT_7097_EGMT_089_RIG3_L_2,1:00,15:00,Ile Lubine,89,95,Lutjanus gibbus,3,Jonathan,
BIOT_7097_EGMT_089_RIG3_L_2,1:00,15:00,Ile Lubine,89,95,Variola louti,2,Jonathan,
BIOT_7097_EGMT_089_RIG3_L_2,1:00,15:00,Ile Lubine,89,95,Cephalopholis argus,1,Jonathan,
BIOT_7097_EGMT_089_RIG3_L_2,1:00,15:00,Ile Lubine,89,95,Carcharhinus melanopterus,1,Jonathan,
BIOT_7097_EGMT_089_RIG3_L_3,1:00,15:00,Ile Lubine,89,95,Melichthys niger,6,Jonathan,
BIOT_7097_EGMT_089_RIG3_L_3,1:00,15:00,Ile Lubine,89,95,Lutjanus gibbus,2,Jonathan,
BIOT_7097_EGMT_089_RIG3_L_3,1:00,15:00,Ile Lubine,89,95,Lutjanus bohar,5,Jonathan,
BIOT_7097_EGMT_089_RIG3_L_3,1:00,15:00,Ile Lubine,89,95,Carcharhinus melanopterus,1,Jonathan,
BIOT_7097_EGMT_089_RIG3_L_3,1:00,15:00,Ile Lubine,89,95,Variola louti,1,Jonathan,
BIOT_7097_EGMT_089_RIG3_L_3,1:00,15:00,Ile Lubine,89,95,Carcharhinus amblyrhynchos,1,Jonathan,
BIOT_7097_EGMT_089_RIG3_L_3,1:00,15:00,Ile Lubine,89,95,Cephalopholis argus,1,Jonathan,
BIOT_7097_PBAN_009_SOUTH_RIG5_L_2,1:00,15:00,Ile Fouquet,9,75,Cephalopholis argus,2,Jonathan,sea turtle
BIOT_7097_PBAN_009_SOUTH_RIG5_L_2,1:00,15:00,Ile Fouquet,9,75,Lutjanus bohar,2,Jonathan,
BIOT_7097_PBAN_009_SOUTH_RIG5_L_2,1:00,15:00,Ile Fouquet,9,75,Melichthys niger,2,Jonathan,
BIOT_7097_PBAN_009_SOUTH_RIG5_L_2,1:00,15:00,Ile Fouquet,9,75,Carcharhinus amblyrhynchos,1,Jonathan,
BIOT_7097_PBAN_009_SOUTH_RIG5_L_2,1:00,15:00,Ile Fouquet,9,75,Aethaloperca rogaa,2,Jonathan,
BIOT_7097_PBAN_009_SOUTH_RIG5_L_2,1:00,15:00,Ile Fouquet,9,75,Plectropomus laevis,1,Jonathan,
BIOT_7097_PBAN_009_SOUTH_RIG5_L_2,1:00,15:00,Ile Fouquet,9,75,Caranx melampygus,2,Jonathan,
BIOT_7097_PBAN_009_SOUTH_RIG5_L_3,1:00,15:00,Ile Fouquet,9,75,Carcharhinus amblyrhynchos,1,Jonathan,
BIOT_7097_PBAN_009_SOUTH_RIG5_L_3,1:00,15:00,Ile Fouquet,9,75,Cephalopholis argus,1,Jonathan,
BIOT_7097_PBAN_009_SOUTH_RIG5_L_3,1:00,15:00,Ile Fouquet,9,75,Triaenodon obesus,1,Jonathan,
BIOT_7097_PBAN_009_SOUTH_RIG5_L_3,1:00,15:00,Ile Fouquet,9,75,Melichthys niger,2,Jonathan,
BIOT_7097_PBAN_009_SOUTH_RIG5_L_3,1:00,15:00,Ile Fouquet,9,75,Plectropomus laevis,1,Jonathan,
BIOT_7097_PBAN_009_SOUTH_RIG5_L_3,1:00,15:00,Ile Fouquet,9,75,Caranx melampygus,4,Jonathan,
BIOT_7097_PBAN_009_SOUTH_RIG5_L_3,1:00,15:00,Ile Fouquet,9,75,Lutjanus bohar,62,Jonathan,
BIOT_7097_SALO_043_ANG_RIG4_L_1,1:55,17:43,lle Anglaise,43,75,Balistoides viridescens,33,Yazmine,The most amount of fish were at the beginng of the video
BIOT_7097_SALO_043_ANG_RIG4_L_2,0:00,17:43,lle Anglaise,43,75,Carcharhinus amblyrhynchos,1,Yazmine,
BIOT_7097_NELS_055_RIG6_L_4,0:00,15:07,Nelson's Island,55,75,Carcharhinus amblyrhynchos,4,Yazmine,Sharks seemed more aggresive in this video compared to the previous one
BIOT_7097_NELS_055_RIG6_L_3,0:00,17:43,Nelson's Island,55,70,Carcharhinus amblyrhynchos,7,Yazmine,
BIOT_7097_NBRO_067_RIG5_L_3,0:00,17:43,North Brother,67,70,Melichthys niger,2,Yazmine,
BIOT_7097_NBRO_067_RIG5_L_4,0:00,11:55,North Brother,67,70,Melichthys niger,2,Yazmine,
BIOT_7097_EGMT_083_RIG4_L_3,0:00,17:43,lle Des Rats,83,20,Lethrinus nebulosus,1,Yazmine,alot less activity compared to the others
BIOT_7097_EGMT_083_RIG4_L_4,0:00,11:36,lle Des Rats,83,20,Lethrinus nebulosus,1,Yazmine,
BIOT_7097_EGMT_081_RIG2_L_3,0:00,17:43,Egmont Island,81,50,Carcharinus amblyrhynchos,6,Sophie,grey reef shark frenzy around bait bag
BIOT_7097_EGMT_081_RIG2_L_3,0:00,17:43,Egmont Island,81,50,Lutjanus bohar,8,Sophie,
BIOT_7097_EGMT_081_RIG2_L_3,0:00,17:43,Egmont Island,81,50,Melichthys niger,3,Sophie,
BIOT_7097_EGMT_081_RIG2_L_3,0:00,17:43,Egmont Island,81,50,Balistoides viridiscens,5,Sophie,
BIOT_7097_EGMT_081_RIG2_L_3,0:00,17:43,Egmont Island,81,50,Paracirrhites forsteri,1,Sophie,
BIOT_7097_EGMT_081_RIG2_L_3,0:00,17:43,Egmont Island,81,50,Plectropomus laevis,2,Sophie,Grouper nudges bait bag
BIOT_7097_EGMT_081_RIG2_L_3,0:00,17:43,Egmont Island,81,50,Balistapus undulatus,1,Sophie,
BIOT_7097_EGMT_081_RIG2_L_3,0:00,17:43,Egmont Island,81,50,Caranx melampygus,1,Sophie,
BIOT_7097_EGMT_081_RIG2_L_3,0:00,17:43,Egmont Island,81,50,Carcharhinus melanopterus,1,Sophie,
BIOT_7097_EGMT_081_RIG2_L_4,0:00,10:59,Egmont Island,81,50,Carcharhinus amblyrhynchos,6,Sophie,Bait bag removed at 10:59
BIOT_7097_EGMT_081_RIG2_L_4,0:00,10:59,Egmont Island,81,50,Lutjanus bohar,7,Sophie,
BIOT_7097_EGMT_081_RIG2_L_4,0:00,10:59,Egmont Island,81,50,Balistoides viridiscens,3,Sophie,
BIOT_7097_EGMT_081_RIG2_L_4,0:00,10:59,Egmont Island,81,50,Melichthys niger,3,Sophie,
BIOT_7097_EGMT_081_RIG2_L_4,0:00,10:59,Egmont Island,81,50,Variola louti,1,Sophie,
BIOT_7097_EGMT_081_RIG2_L_4,0:00,10:59,Egmont Island,81,50,Plectropomus laevis,2,Sophie,
BIOT_7097_EGMT_081_RIG2_L_4,0:00,10:59,Egmont Island,81,50,Balistapus undulatus,1,Sophie,
BIOT_7097_NBRO_068_RIG4_L_2,0:00,17:43,North Brother,68,100,Lutjanus bohar,3,Sophie,
BIOT_7097_NBRO_068_RIG4_L_2,0:00,17:43,North Brother,68,100,Balistoides viridiscens,3,Sophie,
BIOT_7097_NBRO_068_RIG4_L_2,0:00,17:43,North Brother,68,100,Plectropomus laevis,2,Sophie,
BIOT_7097_NBRO_068_RIG4_L_2,0:00,17:43,North Brother,68,100,Cephalopholis argus,1,Sophie,
BIOT_7097_NBRO_068_RIG4_L_2,0:00,17:43,North Brother,68,100,Melichthys niger,1,Sophie,
BIOT_7097_NBRO_068_RIG4_L_2,0:00,17:43,North Brother,68,100,Balistapus undulatus,1,Sophie,
BIOT_7097_NBRO_068_RIG4_L_2,0:00,17:43,North Brother,68,100,Chromis iomelas,1,Sophie,
BIOT_7097_NBRO_068_RIG4_L_2,0:00,17:43,North Brother,68,100,Variola louti,2,Sophie,
BIOT_7097_NBRO_068_RIG4_L_2,0:00,17:43,North Brother,68,100,Balistapus undulatus,3,Sophie,
BIOT_7097_NBRO_068_RIG4_L_2,2:52,14:51,North Brother,68,100,Melichthys niger,2,Sophie,
BIOT_7097_NBRO_068_RIG4_L_2,2:52,14:51,North Brother,68,100,Balistoides viridiscens,3,Sophie,
BIOT_7097_NBRO_068_RIG4_L_2,2:52,14:51,North Brother,68,100,Aethaloperca rogaa,3,Sophie,
BIOT_7097_NBRO_068_RIG4_L_2,2:52,14:51,North Brother,68,100,Balistapus undulatus,2,Sophie,
BIOT_7097_NBRO_068_RIG4_L_2,2:52,14:51,North Brother,68,100,Aphaereus furca,1,Sophie,
BIOT_7097_NBRO_068_RIG4_L_2,2:52,14:51,North Brother,68,100,lutjanus bohar,2,Sophie,
BIOT_7097_NELS_057_RIG5_L_3,0:00,17:43,Nelson's Island,57,80,Balistoides viridiscens,2,Sophie,
BIOT_7097_NELS_057_RIG5_L_3,0:00,17:43,Nelson's Island,57,80,Nebrius ferrugineus,1,Sophie,
BIOT_7097_NELS_057_RIG5_L_3,0:00,17:43,Nelson's Island,57,80,Lutjanus gibbus,2,Sophie,
BIOT_7097_NELS_057_RIG5_L_3,0:00,17:43,Nelson's Island,57,80,Plectropomus laevis,1,Sophie,
BIOT_7097_NELS_057_RIG5_L_3,0:00,17:43,Nelson's Island,57,80,Variola louti,1,Sophie,
BIOT_7097_NELS_057_RIG5_L_3,0:00,17:43,Nelson's Island,57,80,Melichthys niger,1,Sophie,
BIOT_7097_NELS_057_RIG5_L_3,0:00,17:43,Nelson's Island,57,80,Caranx melampygus,1,Sophie,
BIOT_7097_NELS_057_RIG5_L_2,0:00,17:43,Nelson's Island,57,80,Plectropomus laevis,2,Sophie,Octopus sighting
BIOT_7097_NELS_057_RIG5_L_2,0:00,17:43,Nelson's Island,57,80,Lethrinus enigmaticus,1,Sophie,
BIOT_7097_NELS_057_RIG5_L_2,0:00,17:43,Nelson's Island,57,80,Caranx melampygus,1,Sophie,
BIOT_7097_NELS_057_RIG5_L_2,0:00,17:43,Nelson's Island,57,80,Balistoides viridiscens,1,Sophie,
BIOT_7097_NELS_057_RIG5_L_2,0:00,17:43,Nelson's Island,57,80,Balistapus undulatus,1,Sophie,
BIOT_7097_NELS_057_RIG5_L_2,0:00,17:43,Nelson's Island,57,80,Lutjanus gibbus,1,Sophie,
BIOT_7097_NELS_057_RIG5_L_2,0:00,17:43,Nelson's Island,57,80,Nebrius ferrugineus,1,Sophie,
BIOT_7097_SALO_047_MAP_RIG5_L_4,0:00,9:26,Salomon Islands,47,60,Melichthys niger,11,Sophie,
BIOT_7097_SALO_047_MAP_RIG5_L_4,0:00,9:26,Salomon Islands,47,60,Carcharhinus amblyrhynchos,2,Sophie,
BIOT_7097_SALO_047_MAP_RIG5_L_4,0:00,9:26,Salomon Islands,47,60,Balistoides viridiscens,1,Sophie,
BIOT_7097_SALO_047_MAP_RIG5_L_2,0:00,17:43,Salomon Islands,47,60,Carcharhinus amblyrhynchos,3,Sophie,
BIOT_7097_SALO_047_MAP_RIG5_L_2,0:00,17:43,Salomon Islands,47,60,Melichthys niger,18,Sophie,
BIOT_7097_SALO_047_MAP_RIG5_L_2,0:00,17:43,Salomon Islands,47,60,Lutjanus bohar,1,Sophie,
BIOT_7097_SALO_047_MAP_RIG5_L_2,0:00,17:43,Salomon Islands,47,60,Caranx melampygus,2,Sophie,
BIOT_7097_SALO_037_BOD_RIG5_L_2,0:00,21:34,Ile Boddam,37,65,Melichthys niger,1,Kyra C,
BIOT_7097_SALO_037_BOD_RIG5_L_2,0:00,21:34,Ile Boddam,37,65,Aethaloperca rogaa,1,Kyra C,
BIOT_7097_SALO_037_BOD_RIG5_L_2,0:00,21:34,Ile Boddam,37,65,Carcharhinus amblyrhynchos,2,Kyra C,
BIOT_7097_SALO_037_BOD_RIG5_L_2,0:00,21:34,Ile Boddam,37,65,Epinephelus polyphekadion,1,Kyra C,
BIOT_7097_SALO_037_BOD_RIG5_L_2,0:00,21:34,Ile Boddam,37,65,Nebrius ferrugineus,1,Kyra C,"messes with bait bag- 12 min, moves camera"
BIOT_7097_SALO_037_BOD_RIG5_L_2,0:00,21:34,Ile Boddam,37,65,Melichthys niger,1,Kyra C,16:32 + nurse shark takes off bag but still in frame
BIOT_7097_SALO_037_BOD_RIG5_L_3,0:00,21:34,Ile Boddam,38,66,Balistapus undulatus,1,Kyra C,
BIOT_7097_SALO_037_BOD_RIG5_L_3,0:00,21:34,Ile Boddam,38,66,Plectropomus laevis,2,Kyra C,
BIOT_7097_SALO_037_BOD_RIG5_L_3,0:00,21:34,Ile Boddam,37,65,Lutjanus bohar,4,Kyra C,~22 min because tawny nurse shark took bait
BIOT_7097_PBAN_030_EAST_RIG2_L_1,3:00,30:00,North of Petite Il,30,5,Variola louti,1,Kyra C,
BIOT_7097_PBAN_030_EAST_RIG2_L_1,3:00,30:00,North of Petite Il,30,5,Melichthys niger,3,Kyra C,
BIOT_7097_PBAN_030_EAST_RIG2_L_1,3:00,30:00,North of Petite Il,30,5,Caranx melampygus,1,Kyra C,
BIOT_7097_PBAN_030_EAST_RIG2_L_2,3:00,30:00,North of Petite Il,30,5,Lutjanus bohar,1,Kyra C,not a lot here overall
BIOT_7097_NBRO_063_RIG4_L_1,5:00,30:00,North Brother,63,25,Melichthys niger,5,Kyra C,
BIOT_7097_NBRO_063_RIG4_L_1,5:00,30:00,North Brother,63,25,Carcharhinus amblyrhynchos,3,Kyra C,
BIOT_7097_NBRO_063_RIG4_L_1,5:00,30:00,North Brother,63,25,Lutjanus bohar,1,Kyra C,
BIOT_7097_NBRO_063_RIG4_L_1,5:00,30:00,North Brother,63,25,Plectropomus laevis,1,Kyra C,
BIOT_7097_NBRO_063_RIG4_L_1,5:00,30:00,North Brother,63,25,Variola louti,1,Kyra C,
BIOT_7097_NBRO_063_RIG4_L_2,0:00,30:00,North Brother,63,25,Balistapus undulatus,2,Kyra C,
BIOT_7097_NBRO_063_RIG4_L_2,0:00,30:00,North Brother,63,25,Triaenodon obesus,1,Kyra C,
BIOT_7097_EGMT_088_RIG4_L_1,3:00,30:00,Ile Lubine,88,60,Variola louti,4,Kyra C,
BIOT_7097_EGMT_088_RIG4_L_1,3:00,30:00,Ile Lubine,88,60,Carcharhinus amblyrhynchos,2,Kyra C,
BIOT_7097_EGMT_088_RIG4_L_1,3:00,30:00,Ile Lubine,88,60,Aphareus furca,2,Kyra C,
BIOT_7097_EGMT_088_RIG4_L_1,3:00,30:00,Ile Lubine,88,60,Lutjanus bohar,6,Kyra C,
BIOT_7097_EGMT_088_RIG4_L_1,3:00,30:00,Ile Lubine,88,60,Balistapus undulatus,4,Kyra C,
BIOT_7097_EGMT_088_RIG4_L_1,3:00,30:00,Ile Lubine,88,60,Cephalopholis argus,1,Kyra C,
BIOT_7097_EGMT_088_RIG4_L_1,3:00,30:00,Ile Lubine,88,60,Lutjanus gibbus,2,Kyra C,
BIOT_7097_EGMT_088_RIG4_L_1,3:00,30:00,Ile Lubine,88,60,Nebrius ferrugineus,1,Kyra C,
BIOT_7097_EGMT_088_RIG4_L_1,3:00,30:00,Ile Lubine,88,60,Paracirrhites forsteri,1,Kyra C,turtle at 12:16
BIOT_7097_EGMT_088_RIG4_L_2,0,30:00,Ile Lubine,88,60,Aethaloperca rogaa,1,Kyra C,
BIOT_7097_EGMT_088_RIG4_L_2,0,30:00,Ile Lubine,88,60,Melichthys niger,30,Kyra C,
BIOT_7097_EGMT_088_RIG4_L_2,0,30:00,Ile Lubine,88,60,Lethrinus nebulosus,1,Kyra C,
BIOT_7097_SALO_045_ANG_RIG6_L_3,0:35,30:51,Ile Anglaise,45,7,Plectropomus laevis,3,Hawk,
BIOT_7097_SALO_045_ANG_RIG6_L_3,0:35,30:51,Ile Anglaise,45,7,Triaenodon obesus,2,Hawk,
BIOT_7097_SALO_045_ANG_RIG6_L_3,0:35,30:51,Ile Anglaise,45,7,Melichthys niger,1,Hawk,
BIOT_7097_SALO_045_ANG_RIG6_L_3,0:35,30:51,Ile Anglaise,45,7,Cephalopholis argus,2,Hawk,
BIOT_7097_SALO_045_ANG_RIG6_L_3,0:35,30:51,Ile Anglaise,45,7,Lutjanus gibbus,1,Hawk,
BIOT_7097_SALO_045_ANG_RIG6_L_3,0:35,30:51,Ile Anglaise,45,7,Aethaloperca rogaa,1,Hawk,
"BIOT_7097_SALO_045_ANG_RIG6_L_4 
",0:00,17:43,Ile Anglaise,45,7,Aethaloperca rogaa,1,Hawk,
"BIOT_7097_SALO_045_ANG_RIG6_L_4 
",0:00,17:43,Ile Anglaise,45,7,Plectropomus laevis,2,Hawk,
"BIOT_7097_SALO_045_ANG_RIG6_L_4 
",0:00,17:43,Ile Anglaise,45,7,Carcharhinus amblyrhynchos,2,Hawk,
"BIOT_7097_SALO_045_ANG_RIG6_L_4 
",0:00,17:43,Ile Anglaise,45,7,Cephalopholis argus,1,Hawk,
"BIOT_7097_SALO_045_ANG_RIG6_L_4 
",0:00,17:43,Ile Anglaise,45,7,Lutjanus gibbus,1,Hawk,
"BIOT_7097_SALO_045_ANG_RIG6_L_4 
",0:00,17:43,Ile Anglaise,45,7,Lutjanus monostigma,1,Hawk,
BIOT_7097_EAGL_080_RIG2_L_4,0:00,17:43,Eagle Island,80,20,Plectropomus laevis,,Hawk,
BIOT_7097_EAGL_080_RIG2_L_4,0:00,17:43,Eagle Island,80,20,Aphareus furca,1,Hawk,
BIOT_7097_EAGL_080_RIG2_L_4,0:00,17:43,Eagle Island,80,20,Melichthys niger,1,Hawk,
BIOT_7097_EAGL_080_RIG2_L_4,0:00,17:43,Eagle Island,80,20,Variola louti,1,Hawk,
BIOT_7097_EAGL_080_RIG2_L_4,0:00,17:43,Eagle Island,80,20,Carcharhinus melanopterus,1,Hawk,
BIOT_7097_EAGL_080_RIG2_L_4,0:00,17:43,Eagle Island,80,20,Lutjanus bohar,12,Hawk,
BIOT_7097_EAGL_080_RIG2_L_4,0:00,17:43,Eagle Island,80,20,Caranx melampygus,1,Hawk,
BIOT_7097_EAGL_080_RIG2_L_4,0:00,17:43,Eagle Island,80,20,Cephalopholis argus,1,Hawk,
BIOT_7097_EAGL_080_RIG2_L_6,0:00,17:43,Eagle Island,80,20,Balistapus undulatus,3,Hawk,
BIOT_7097_EAGL_080_RIG2_L_6,0:00,17:43,Eagle Island,80,20,Variola louti,1,Hawk,
BIOT_7097_EAGL_080_RIG2_L_6,0:00,17:43,Eagle Island,80,20,Melichthys niger,2,Hawk,
BIOT_7097_EAGL_080_RIG2_L_6,0:00,17:43,Eagle Island,80,20,Cephalopholis argus,1,Hawk,
BIOT_7097_EAGL_080_RIG2_L_6,0:00,17:43,Eagle Island,80,20,Aethaloperca rogaa,1,Hawk,
BIOT_7097_EAGL_080_RIG2_L_6,0:00,17:43,Eagle Island,80,20,Caranx melampygus,1,Hawk,
BIOT_7097_EAGL_080_RIG2_L_6,0:00,17:43,Eagle Island,80,20,Carcharhinus melanopterus,1,Hawk,13:42
BIOT_7097_EAGL_080_RIG2_L_8,0:00,9:40,Eagle Island,80,20,Melichthys niger,1,Hawk,
BIOT_7097_EAGL_080_RIG2_L_8,0:00,9:40,Eagle Island,80,20,Carcharhinus melanopterus,1,Hawk,
BIOT_7097_EAGL_080_RIG2_L_8,0:00,9:40,Eagle Island,80,20,Lethrinus enigmaticus,1,Hawk,
BIOT_7097_EAGL_080_RIG2_L_8,0:00,9:40,Eagle Island,80,20,Lethrinus nebulosus,2,Hawk,
BIOT_7097_EAGL_080_RIG2_L_8,0:00,9:40,Eagle Island,80,20,Cephalopholis argus,1,Hawk,
BIOT_7097_NELS_051_RIG2_L_2,0:00,17:43,East of Nelson's Island,51,10,Carcharhinus amblyrhynchos,5,Hawk,
BIOT_7097_NELS_051_RIG2_L_2,0:00,17:43,East of Nelson's Island,51,10,Variola louti,2,Hawk,
BIOT_7097_NELS_051_RIG2_L_2,0:00,17:43,East of Nelson's Island,51,10,Lethrinus nebulosus,2,Hawk,
BIOT_7097_NELS_051_RIG2_L_2,0:00,17:43,East of Nelson's Island,51,10,Plectropomus laevis,1,Hawk,
BIOT_7097_NELS_051_RIG2_L_2,0:00,17:43,East of Nelson's Island,51,10,Lethrinus enigmaticus,3,Hawk,
BIOT_7097_NELS_051_RIG2_L_2,0:00,17:43,East of Nelson's Island,51,10,Lutjanus bohar,2,Hawk,
BIOT_7097_NELS_051_RIG2_L_2,0:00,17:43,East of Nelson's Island,51,10,Caranx melampygus,1,Hawk,
BIOT_7097_NELS_051_RIG2_L_2,0:00,17:43,East of Nelson's Island,51,10,Melichthys niger,1,Hawk,
BIOT_7097_NELS_051_RIG2_L_3,0:00,17:43,East of Nelson's Island,51,10,Carcharhinus amblyrhynchos,5,Hawk,
BIOT_7097_NELS_051_RIG2_L_3,0:00,17:43,East of Nelson's Island,51,10,Variola louti,2,Hawk,
BIOT_7097_NELS_051_RIG2_L_3,0:00,17:43,East of Nelson's Island,51,10,Melichthys niger,2,Hawk,
BIOT_7097_NELS_051_RIG2_L_3,0:00,17:43,East of Nelson's Island,51,10,Lethrinus nebulosus,2,Hawk,
BIOT_7097_NELS_051_RIG2_L_3,0:00,17:43,East of Nelson's Island,51,10,Lethrinus obsoletus,2,Hawk,
BIOT_7097_NELS_051_RIG2_L_3,0:00,17:43,East of Nelson's Island,51,10,Cephalopholis argus,1,Hawk,
BIOT_7097_NELS_051_RIG2_L_3,0:00,17:43,East of Nelson's Island,51,10,Lethrinus enigmaticus,2,Hawk,
"BIOT_7097_EGMT_092_RIG3_L_5
",0:00,13:45,Ile Carre Pate,92,25,Carcharhinus amblyrhynchos,1,Hawk,
"BIOT_7097_EGMT_092_RIG3_L_5
",0:00,13:45,Ile Carre Pate,92,25,Variola louti,1,Hawk,
"BIOT_7097_EGMT_092_RIG3_L_5
",0:00,13:45,Ile Carre Pate,92,25,Aethaloperca rogaa,2,Hawk,
"BIOT_7097_EGMT_092_RIG3_L_5
",0:00,13:45,Ile Carre Pate,92,25,Lutjanus bohar,3,Hawk,
"BIOT_7097_EGMT_092_RIG3_L_5
",0:00,13:45,Ile Carre Pate,92,25,Melichthys niger,4,Hawk,
"BIOT_7097_EGMT_092_RIG3_L_5
",0:00,13:45,Ile Carre Pate,92,25,Triaenodon obesus,1,Hawk,0:21
"BIOT_7097_EGMT_092_RIG3_L_5
",0:00,13:45,Ile Carre Pate,92,25,Lethrinus obsoletus,1,Hawk,
"BIOT_7097_EGMT_092_RIG3_L_5
",0:00,13:45,Ile Carre Pate,92,25,Gymnothorax favagineus,1,Hawk,4:25
"BIOT_7097_EGMT_092_RIG3_L_5
",0:00,13:45,Ile Carre Pate,92,25,Caranx melampygus,2,Hawk,
"BIOT_7097_EGMT_092_RIG3_L_5
",0:00,13:45,Ile Carre Pate,92,25,Carcharhinus melanopterus,1,Hawk,12:50
BIOT_7097_EGMT_092_RIG3_L_3,0:00,17:43,Ile Carre Pate,92,25,Lutjanus bohar,3,Hawk,
BIOT_7097_EGMT_092_RIG3_L_3,0:00,17:43,Ile Carre Pate,92,25,Variola louti,2,Hawk,
BIOT_7097_EGMT_092_RIG3_L_3,0:00,17:43,Ile Carre Pate,92,25,Lethrinus enigmaticus,1,Hawk,
BIOT_7097_EGMT_092_RIG3_L_3,0:00,17:43,Ile Carre Pate,92,25,Melichthys niger,7,Hawk,
BIOT_7097_EGMT_092_RIG3_L_3,0:00,17:43,Ile Carre Pate,92,25,Carcharhinus amblyrhynchos,1,Hawk,
BIOT_7097_EGMT_092_RIG3_L_3,0:00,17:43,Ile Carre Pate,92,25,Cephalopholis argus,2,Hawk,
BIOT_7097_EGMT_092_RIG3_L_3,0:00,17:43,Ile Carre Pate,92,25,Aethaloperca rogaa,2,Hawk,
BIOT_7097_EGMT_092_RIG3_L_3,0:00,17:43,Ile Carre Pate,92,25,Plectropomus laevis,1,Hawk,
BIOT_7097_SALO_042_ANG_RIG3_L_2.MP4,0:00,17:43,Ile Anglaise,42,35,Plectropomus laevis,2,Will Fynes,
BIOT_7097_SALO_042_ANG_RIG3_L_2.MP4,0:00,17:43,Ile Anglaise,42,35,Gymnothorax javanicus,1,Will Fynes,moray eel
BIOT_7097_SALO_042_ANG_RIG3_L_2.MP4,0:00,17:43,Ile Anglaise,42,35,Caranx melampygus,2,Will Fynes,off in the distance
BIOT_7097_SALO_042_ANG_RIG3_L_3.MP4,0:00,17:43,Ile Anglaise,42,35,Cephalopholis argus,1,Will Fynes,
BIOT_7097_SALO_042_ANG_RIG3_L_3.MP4,0:00,17:43,Ile Anglaise,42,35,Aethaloperca rogaa,2,Will Fynes,"not 100% sure about this, looks like a grouper"
BIOT_7097_SALO_042_ANG_RIG3_L_3.MP4,0:00,17:43,Ile Anglaise,42,35,Lutjanus bohar,1,Will Fynes,
BIOT_7097_SALO_042_ANG_RIG3_L_3.MP4,0:00,17:43,Ile Anglaise,42,35,Melichthys niger,2,Will Fynes,
BIOT_7097_SALO_042_ANG_RIG3_L_3.MP4,0:00,17:43,Ile Anglaise,42,35,Plectropomus laevis,1,Will Fynes,
BIOT_7097_SALO_042_ANG_RIG3_L_3.MP4,0:00,17:43,Ile Anglaise,42,35,Lutjanus gibbus,1,Will Fynes,
BIOT_7097_PBAN_032_EAST_RIG3_L_2.MP4,0:00,8:00,South of Ile Yey,32,5,Melichthys niger,4,Will Fynes,
BIOT_7097_PBAN_032_EAST_RIG3_L_2.MP4,0:00,8:00,South of Ile Yey,32,5,Triaenodon obesus,1,Will Fynes,
BIOT_7097_PBAN_032_EAST_RIG3_L_2.MP4,0:00,8:00,South of Ile Yey,32,5,Lutjanus gibbus,2,Will Fynes,
BIOT_7097_PBAN_032_EAST_RIG3_L_2.MP4,0:00,8:00,South of Ile Yey,32,5,Lutjanus bohar,8,Will Fynes,
BIOT_7097_PBAN_032_EAST_RIG3_L_2.MP4,0:00,8:00,South of Ile Yey,32,5,Caranx melampygus,2,Will Fynes,
BIOT_7097_PBAN_032_EAST_RIG3_L_2.MP4,0:00,8:00,South of Ile Yey,32,5,Scomberoides lysan,13,Will Fynes,
BIOT_7097_PBAN_032_EAST_RIG3_L_2.MP4,0:00,8:00,South of Ile Yey,32,5,Nebrius ferrugineus,1,Will Fynes,Tawny nurse shark takes bait at 8:14
BIOT_7097_NELS_053_RIG4_L_2.MP4,0:00,17:43,East of Nelson's Island,53,65,Carcharhinus amblyrhynchos,2,Will Fynes,
BIOT_7097_NELS_053_RIG4_L_2.MP4,0:00,17:43,East of Nelson's Island,53,65,Lutjanus bohar,2,Will Fynes,
BIOT_7097_NELS_053_RIG4_L_2.MP4,0:00,17:43,East of Nelson's Island,53,65,Balistoides viridescens,1,Will Fynes,
BIOT_7097_NELS_053_RIG4_L_2.MP4,0:00,17:43,East of Nelson's Island,53,65,Balistapus undulatus,1,Will Fynes,
BIOT_7097_NELS_053_RIG4_L_2.MP4,0:00,17:43,East of Nelson's Island,53,65,Plectropomus laevis,1,Will Fynes,
BIOT_7097_NELS_053_RIG4_L_3.MP4,0:00,17:43,East of Nelson's Island,53,65,Carcharhinus amblyrhynchos,2,Will Fynes,
BIOT_7097_NELS_053_RIG4_L_3.MP4,0:00,17:43,East of Nelson's Island,53,65,Lutjanus bohar,1,Will Fynes,
BIOT_7097_NELS_053_RIG4_L_3.MP4,0:00,17:43,East of Nelson's Island,53,65,Balistapus undulatus,2,Will Fynes,
BIOT_7097_NELS_053_RIG4_L_3.MP4,0:00,17:43,East of Nelson's Island,53,65,Balistoides viridescens,2,Will Fynes,
BIOT_7097_NELS_053_RIG4_L_3.MP4,0:00,17:43,East of Nelson's Island,53,65,Melichthys niger,1,Will Fynes,
BIOT_7097_NELS_053_RIG4_L_3.MP4,0:00,17:43,East of Nelson's Island,53,65,Plectropomus laevis,1,Will Fynes,Not sure
BIOT_7097_SALO_041_ANG_RIG2_L_2,0:00,17:43,Salomon Island,41,90,Triaenodon obesus,6,Angelina,Tore the bait bag at 14:04
BIOT_7097_SALO_041_ANG_RIG2_L_2,0:00,17:43,Salomon Island,41,90,Epinephelus fuscoguttatus,2,Angelina,
BIOT_7097_SALO_041_ANG_RIG2_L_2,0:00,17:43,Salomon Island,41,90,Naucrates ductor,2,Angelina,
BIOT_7097_SALO_041_ANG_RIG2_L_4,0:00,7:10,Salomon Island,41,90,Epinephelus fuscoguttatus,1,Angelina,
BIOT_7097_SALO_041_ANG_RIG2_L_4,0:00,7:10,Salomon Island,41,90,Triaenodon obesus,2,Angelina,
BIOT_7097_SALO_041_ANG_RIG2_L_1,3:00,10:00,Salomon Island,41,90,Epinephelus fuscoguttatus,2,Angelina,
BIOT_7097_SALO_041_ANG_RIG2_L_1,3:00,10:00,Salomon Island,41,90,Triaenodon obesus,2,Angelina,
BIOT_7097_SALO_041_ANG_RIG2_L_1,3:00,10:00,Salomon Island,41,90,Aethaloperca rogaa,2,Angelina,
BIOT_7097_NELS_056_RIG6_L_2,0:00,17:43,Nelson's Island,56,20,Triaenodon obesus,1,Angelina,
BIOT_7097_NELS_056_RIG6_L_2,0:00,17:43,Nelson's Island,56,20,Chrysiptera parasema,3,Angelina,
BIOT_7097_NELS_056_RIG6_L_2,0:00,17:43,Nelson's Island,56,20,Carcharhinus melanopterus,1,Angelina,
BIOT_7097_NELS_056_RIG6_L_3,0:00,13:00,Nelson's Island,56,20,Carcharhinus amblyrhynchos,3,Angelina,
BIOT_7097_NELS_056_RIG6_L_3,0:00,13:00,Nelson's Island,56,20,Lethrinus nebulosus,3,Angelina,
BIOT_7097_NELS_056_RIG6_L_3,0:00,13:00,Nelson's Island,56,20,Variola louti,2,Angelina,
BIOT_7097_NELS_056_RIG6_L_3,0:00,13:00,Nelson's Island,56,20,"Carcharhinus melanopterus,",1,Angelina,
BIOT_7097_EGMT_094_RIG5_L_4,0:00,15:40,Ile Carre Pate,94,80,Epinephelus daemelii,1,Angelina,
BIOT_7097_EGMT_094_RIG5_L_4,0:00,15:40,Ile Carre Pate,94,80,Variola louti,2,Angelina,
BIOT_7097_EGMT_094_RIG5_L_4,0:00,15:40,Ile Carre Pate,94,80,Lethrinus nebulosus,1,Angelina,
BIOT_7097_EGMT_094_RIG5_L_4,0:00,15:40,Ile Carre Pate,94,80,"Carcharhinus melanopterus,",1,Angelina,
BIOT_7097_EGMT_094_RIG5_L_4,0:00,15:40,Ile Carre Pate,94,80,Gymnothorax javanicus,1,Angelina,
BIOT_7097_EGMT_094_RIG5_L_4,0:00,15:40,Ile Carre Pate,94,80,Balistapus undulatus,2,Angelina,
BIOT_7097_EGMT_094_RIG5_L_2,0:00,15:00,Ile Carre Pate,94,80,Variola louti,2,Angelina,
BIOT_7097_EGMT_094_RIG5_L_2,0:00,15:00,Ile Carre Pate,94,80,Caranx melampygus,2,Angelina,
BIOT_7097_EGMT_094_RIG5_L_2,0:00,15:00,Ile Carre Pate,94,80,Taeniurops meyeni,1,Angelina,
BIOT_7097_EGMT_094_RIG5_L_2,0:00,15:00,Ile Carre Pate,94,80,Triaenodon obesus,1,Angelina,